Incident_year,Incident_month,State,Latitude,Longitude,Victim_injury,Provoked_unprovoked,Victim_activity,Shark_common_name,Victim_gender
1791,1,NSW,-33.86666667,151.2,fatal,unprovoked,swimming,white shark,female
1803,3,WA,-25.83333333,113.8833333,injured,unprovoked,swimming,tiger shark,male
1807,1,NSW,-33.86666667,151.2,injured,unprovoked,swimming,bull shark,male
1820,1,TAS,-42.8,147.5333333,fatal,provoked,swimming,Unknown,male
1825,1,NSW,-33.85,151.2166667,injured,unprovoked,swimming,bull shark,male
1830,1,TAS,-43.28333333,147.3333333,injured,unprovoked,swimming,white shark,female
1832,1,NSW,-33.86666667,151.1833333,injured,provoked,swimming,bull shark,male
1832,6,NSW,-33.83333333,151.2666667,injured,provoked,fishing,white shark,female
1836,1,SA,-34.95,138.5,injured,unprovoked,swimming,white shark,male
1836,8,QLD,-25.48333333,152.9833333,fatal,unprovoked,swimming,whaler shark,male
1836,8,QLD,-25.48333333,152.9833333,fatal,unprovoked,swimming,whaler shark,male
1837,1,NSW,-30.93333333,153.0166667,fatal,unprovoked,swimming,bull shark,male
1839,8,VIC,-38.98333333,146.45,fatal,provoked,swimming,white shark,male
1840,12,NSW,-33.85,151.2166667,fatal,unprovoked,swimming,bull shark,male
1841,4,NSW,-33.83333333,151.1666667,fatal,unprovoked,swimming,bull shark,male
1847,3,QLD,-27.25,153.25,injured,unprovoked,swimming,bull shark,male
1847,11,QLD,-27.43333333,153.0833333,injured,unprovoked,swimming,bull shark,male
1849,1,WA,-33.36666667,115.2833333,fatal,provoked,swimming,white shark,male
1849,12,VIC,-38.33333333,141.6,injured,unprovoked,swimming,white shark,male
1849,12,NSW,-33.81666667,151.2,fatal,unprovoked,swimming,bull shark,male
1850,1,QLD,-27.28333333,153.2166667,fatal,unprovoked,swimming,tiger shark,male
1850,3,NSW,-29.41666667,153.3333333,injured,unprovoked,swimming,whaler shark,male
1853,11,NSW,-33.85,151.2166667,injured,provoked,swimming,wobbegong,male
1855,1,QLD,-25.5,152.7166667,injured,unprovoked,swimming,bull shark,female
1855,1,NSW,-33.85,151.2166667,uninjured,unprovoked,swimming,bull shark,male
1855,7,QLD,-10.56666667,142.2,fatal,unprovoked,swimming,tiger shark,male
1855,11,NSW,-33.86666667,151.2,fatal,unprovoked,swimming,bull shark,male
1856,2,VIC,-38.13333333,144.4166667,injured,unprovoked,swimming,white shark,male
1856,5,SA,-35.53333333,138.6833333,injured,unprovoked,Surfing/Boarding,wobbegong,male
1858,3,VIC,-37.85,144.9,fatal,unprovoked,Spearfishing,white shark,male
1860,1,SA,-35.56666667,138.6,injured,unprovoked,Wading,white shark,male
1861,1,QLD,-27.51666667,153.2666667,injured,unprovoked,Diving/Snorkelling,wobbegong,male
1862,2,VIC,-37.85,144.9,injured,unprovoked,Kayaking/Paddling,white shark,male
1862,12,QLD,-27.36666667,153.15,fatal,unprovoked,Surfing/Boarding,bull shark,male
1863,1,NSW,-31.88333333,151.4666667,fatal,unprovoked,Spearfishing,bull shark,male
1863,1,QLD,-27.58333333,153.3166667,fatal,provoked,Fishing,tiger shark,male
1863,3,VIC,-37.9,144.9833333,injured,unprovoked,Diving/Snorkelling,white shark,male
1863,4,QLD,-26.8,153.1333333,fatal,unprovoked,Surfing/Boarding,tiger shark,male
1865,11,VIC,-37.86666667,144.8666667,fatal,unprovoked,Surfing/Boarding,white shark,male
1868,1,QLD,-23.08333333,150.7333333,injured,unprovoked,Diving/Snorkelling,tiger shark,male
1869,1,QLD,-27.46666667,153,injured,unprovoked,Surfing/Boarding,bull shark,male
1869,3,SA,-34.13333333,137.45,injured,provoked,Other,broadnose sevengill shark,male
1870,1,QLD,-27.46666667,153.0166667,injured,unprovoked,Swimming,bull shark,male
1870,5,QLD,-27.08333333,153.4,injured,provoked,Surfing/Boarding,whaler shark,male
1872,1,QLD,-25.8,153.0166667,injured,unprovoked,Swimming,Unknown,male
1873,2,SA,-34.83333333,138.4666667,uninjured,unprovoked,Spearfishing,white shark,male
1874,1,NSW,-33.86666667,151.2,injured,unprovoked,Surfing/Boarding,bull shark,male
1874,11,QLD,-25.5,152.7166667,injured,unprovoked,Swimming,bull shark,male
1874,11,NSW,-33,151.7166667,injured,provoked,Swimming,wobbegong,male
1875,7,NSW,-29.41666667,153.3333333,injured,unprovoked,Swimming,tiger shark,male
1875,10,QLD,-10.25,142.1166667,fatal,provoked,Diving/Snorkelling,tiger shark,male
1875,11,NSW,-29.4,153.3333333,injured,provoked,Surfing/Boarding,white shark,male
1875,12,NSW,-29.4,153.3333333,injured,unprovoked,Other,bull shark,male
1876,1,WA,-20.7,117.25,injured,provoked,Swimming,bull shark,male
1876,1,VIC,-37.86666667,144.9666667,injured,unprovoked,Other,white shark,male
1876,2,QLD,-10.25,142.1166667,fatal,provoked,Fishing,tiger shark,male
1876,2,VIC,-37.85,144.95,fatal,unprovoked,Surfing/Boarding,white shark,male
1876,7,NSW,-33.85,151.2,uninjured,provoked,Surfing/Boarding,whaler shark,male
1876,12,NSW,-32.76666667,151.7,injured,unprovoked,Swimming,bull shark,male
1877,1,VIC,-37.83333333,144.9333333,fatal,unprovoked,Kayaking/Paddling,white shark,male
1877,1,VIC,-38.38333333,142.4833333,injured,unprovoked,Surfing/Boarding,white shark,female
1877,3,VIC,-38.1,144.65,injured,unprovoked,Spearfishing,white shark,male
1877,12,NSW,-33.86666667,151.2,injured,unprovoked,Surfing/Boarding,bull shark,male
1877,12,SA,-34.73333333,138.0333333,injured,provoked,Surfing/Boarding,Unknown,male
1878,1,QLD,-9.633333333,142.6833333,injured,provoked,Diving/Snorkelling,tiger shark,male
1878,3,VIC,-38.38333333,142.5,injured,unprovoked,Swimming,whaler shark,male
1878,7,QLD,-25.8,153.05,injured,provoked,Spearfishing,bull shark,male
1878,11,NSW,-33.85,151.15,injured,unprovoked,Surfing/Boarding,wobbegong,male
1879,6,NSW,-33.86666667,151.2,fatal,unprovoked,Other,bull shark,male
1879,11,NSW,-29.4,153.3333333,injured,unprovoked,Spearfishing,white shark,male
1880,1,QLD,-16.9,145.9833333,fatal,unprovoked,Fishing,tiger shark,male
1880,1,NSW,-33.08333333,151.5,injured,unprovoked,Swimming,bull shark,female
1880,1,QLD,-27.51666667,152.9,injured,unprovoked,Surfing/Boarding,bull shark,male
1880,11,QLD,-27.46666667,153.0333333,fatal,unprovoked,Spearfishing,bull shark,male
1881,1,NSW,-31.06666667,152.6333333,uninjured,unprovoked,Other,bull shark,female
1881,1,QLD,-25.25,152.85,injured,unprovoked,Swimming,tiger shark,female
1881,8,QLD,-20,148.8,injured,provoked,Other,tiger shark,male
1881,11,NSW,-33.86666667,151.2333333,fatal,unprovoked,Other,bull shark,male
1881,12,QLD,-24.83333333,152.1166667,injured,unprovoked,Kayaking/Paddling,bull shark,male
1882,1,WA,-17.98333333,122.2333333,injured,provoked,Kayaking/Paddling,tiger shark,male
1882,4,NSW,-33.08333333,151.65,fatal,unprovoked,Swimming,white shark,male
1882,5,NSW,-33.85,151.2,injured,unprovoked,Diving/Snorkelling,wobbegong,male
1882,5,WA,-15.88333333,122,fatal,provoked,Diving/Snorkelling,tiger shark,male
1882,12,WA,-17.98333333,122.2333333,fatal,provoked,Surfing/Boarding,tiger shark,male
1883,1,NSW,-33.85,151.15,fatal,unprovoked,Swimming,bull shark,male
1883,12,NSW,-33.86666667,151.2,fatal,unprovoked,Swimming,bull shark,male
1883,12,NSW,-33.8,151.2833333,uninjured,provoked,Surfing/Boarding,bull shark,male
1884,1,SA,-33.18333333,137.9833333,fatal,unprovoked,Surfing/Boarding,white shark,female
1885,10,NSW,-33.81666667,151.05,uninjured,unprovoked,Swimming,bull shark,female
1885,11,WA,-33.31666667,115.6333333,injured,unprovoked,Other,white shark,male
1886,1,QLD,-25.53333333,152.7,uninjured,unprovoked,Wading,bull shark,male
1886,4,QLD,-23.38333333,150.6333333,injured,unprovoked,Surfing/Boarding,bull shark,male
1887,2,NSW,-33.8,151.2833333,uninjured,unprovoked,Swimming,whaler shark,male
1887,12,NSW,-33.81666667,151.0833333,fatal,unprovoked,Surfing/Boarding,bull shark,male
1888,9,QLD,-19.85,145.4,injured,provoked,Diving/Snorkelling,tiger shark,male
1888,12,NSW,-33.85,151.15,fatal,unprovoked,Swimming,bull shark,male
1889,7,VIC,-38.33333333,144.6166667,fatal,unprovoked,Swimming,white shark,male
1890,1,TAS,-42.73333333,147.2333333,injured,unprovoked,Swimming,broadnose sevengill shark,male
1891,4,NSW,-36.71666667,149.9833333,uninjured,provoked,Surfing/Boarding,wobbegong,male
1891,6,VIC,-38.33333333,144.3166667,injured,provoked,Swimming,wobbegong,male
1892,1,QLD,-10.11666667,142.1333333,fatal,provoked,Diving/Snorkelling,tiger shark,male
1892,3,QLD,-23.36666667,150.5,injured,unprovoked,Surfing/Boarding,bull shark,male
1892,11,QLD,-27.45,153.2166667,injured,unprovoked,Swimming,whaler shark,female
1892,12,QLD,-27.43333333,153.0833333,injured,unprovoked,Spearfishing,bull shark,male
1893,1,WA,-28.76666667,114.6,uninjured,provoked,Swimming,wobbegong,male
1893,1,QLD,-13.93333333,143.7333333,fatal,unprovoked,Kayaking/Paddling,tiger shark,male
1893,4,QLD,-9.816666667,142.7,injured,unprovoked,Swimming,tiger shark,male
1894,11,NSW,-32.91666667,151.7833333,injured,unprovoked,Diving/Snorkelling,white shark,male
1895,1,QLD,-27.46666667,153,uninjured,unprovoked,Diving/Snorkelling,bull shark,male
1895,2,NSW,-33.93333333,151.25,fatal,unprovoked,Swimming,bull shark,male
1895,3,QLD,-24.9,152.2333333,injured,unprovoked,Swimming,bull shark,male
1895,6,WA,-20.78333333,115.5333333,fatal,provoked,Swimming,tiger shark,male
1895,11,NSW,-35.13333333,150.75,fatal,provoked,Surfing/Boarding,whaler shark,male
1895,12,QLD,-10.56666667,142.2166667,uninjured,provoked,Spearfishing,tiger shark,male
1895,12,NSW,-33.85,151.15,fatal,unprovoked,Fishing,bull shark,male
1896,1,NSW,-33.86666667,151.1833333,fatal,unprovoked,Surfing/Boarding,bull shark,male
1896,11,WA,-33.85,121.8833333,fatal,unprovoked,Fishing,white shark,male
1897,1,NSW,-31.06666667,152.8333333,injured,unprovoked,Surfing/Boarding,bull shark,male
1897,12,QLD,-9.95,142.1833333,injured,unprovoked,Swimming,tiger shark,male
1898,9,NSW,-32.71666667,152.1166667,injured,provoked,Surfing/Boarding,bull shark,male
1898,12,QLD,-27.46666667,153.2166667,injured,provoked,Wading,whaler shark,male
1899,2,NSW,-33.78333333,151.2166667,injured,unprovoked,Surfing/Boarding,bull shark,male
1899,12,QLD,-27.55,153.1833333,injured,unprovoked,Swimming,bull shark,male
1900,1,NSW,-33.85,151.15,injured,unprovoked,Swimming,bull shark,male
1900,1,NT,-11.6,130.95,injured,unprovoked,Surfing/Boarding,tiger shark,male
1900,9,QLD,-19.25,146.8166667,injured,unprovoked,Surfing/Boarding,tiger shark,male
1900,11,QLD,-10.55,142.3833333,fatal,provoked,Surfing/Boarding,Unknown,male
1900,12,NSW,-33.78333333,151.2333333,fatal,unprovoked,Swimming,bull shark,male
1901,1,NT,-11.6,130.95,injured,unprovoked,Fishing,tiger shark,male
1901,1,QLD,-27.46666667,153,fatal,unprovoked,Swimming,bull shark,male
1901,2,QLD,-16.85,145.75,injured,provoked,Surfing/Boarding,wobbegong,male
1901,4,QLD,-10.56666667,142.2166667,injured,provoked,Swimming,tiger shark,male
1901,4,QLD,-10.56666667,142.2166667,injured,provoked,Surfing/Boarding,tiger shark,male
1901,12,QLD,-27.46666667,153,injured,unprovoked,Surfing/Boarding,bull shark,male
1902,1,QLD,-27.48333333,153,injured,unprovoked,Diving/Snorkelling,bull shark,male
1902,1,QLD,-27.43333333,153.1666667,injured,provoked,Surfing/Boarding,whaler shark,male
1903,1,NSW,-33.81666667,151.15,fatal,unprovoked,Swimming,bull shark,male
1903,2,NSW,-36.63333333,150,uninjured,provoked,Diving/Snorkelling,bull shark,male
1903,3,QLD,-27.7,153.2833333,fatal,unprovoked,Fishing,bull shark,male
1903,5,NSW,-34.66666667,150.85,uninjured,provoked,Surfing/Boarding,whaler shark,male
1904,3,QLD,-27.41666667,153.1166667,injured,unprovoked,Fishing,bull shark,male
1905,3,NSW,-28.8,153.2666667,injured,unprovoked,Surfing/Boarding,bull shark,male
1905,12,QLD,-10.2,142.15,fatal,provoked,Fishing,tiger shark,male
1906,1,NSW,-33.98333333,151.0666667,fatal,unprovoked,Surfing/Boarding,bull shark,male
1906,4,QLD,-14.66666667,145.45,fatal,unprovoked,Surfing/Boarding,tiger shark,male
1906,8,QLD,-9.95,142.1666667,fatal,provoked,Surfing/Boarding,tiger shark,male
1906,12,NSW,-35.7,150.1833333,uninjured,unprovoked,Surfing/Boarding,wobbegong,male
1907,2,QLD,-19.25,146.8166667,fatal,unprovoked,Swimming,bull shark,male
1907,8,WA,-28.85,113.9,injured,provoked,Surfing/Boarding,tiger shark,male
1907,10,NSW,-32.93333333,151.75,injured,unprovoked,Surfing/Boarding,white shark,male
1907,12,NSW,-33.78333333,151.2333333,fatal,unprovoked,Diving/Snorkelling,bull shark,male
1909,1,NSW,-33.48333333,151.3,injured,unprovoked,Diving/Snorkelling,bull shark,male
1910,1,NSW,-32.9,151.7666667,fatal,unprovoked,Swimming,bull shark,male
1910,2,WA,-33.31666667,115.6166667,injured,unprovoked,Kayaking/Paddling,white shark,male
1910,3,WA,-34.36666667,115.1166667,uninjured,unprovoked,Diving/Snorkelling,Unknown,male
1910,11,QLD,-21.16666667,149.2333333,injured,unprovoked,Diving/Snorkelling,Unknown,male
1911,2,WA,-20.38333333,116.8666667,uninjured,unprovoked,Fishing,tiger shark,male
1911,3,QLD,-10.56666667,142.2166667,fatal,unprovoked,Wading,tiger shark,male
1911,10,QLD,-15.48333333,145.4,injured,provoked,Spearfishing,tiger shark,male
1912,1,NSW,-33.83333333,151.1666667,injured,unprovoked,Spearfishing,dusky shark,male
1912,1,NSW,-33.81666667,151.15,fatal,unprovoked,Surfing/Boarding,bull shark,male
1912,1,QLD,-19.45,146.6,fatal,unprovoked,Spearfishing,bull shark,male
1912,2,WA,-33.31666667,115.6333333,uninjured,provoked,Swimming,wobbegong,male
1912,2,SA,-37.58333333,140.3333333,injured,provoked,Swimming,white shark,male
1912,2,NSW,-33.91666667,151.25,injured,unprovoked,Swimming,white shark,male
1912,11,QLD,-27.31666667,153.05,injured,unprovoked,Surfing/Boarding,tiger shark,male
1913,3,QLD,-10.56666667,142.2166667,injured,provoked,Other,tiger shark,male
1913,5,NSW,-29.4,153.3333333,injured,provoked,Surfing/Boarding,bull shark,male
1913,6,QLD,-10.2,142.15,injured,provoked,Swimming,Unknown,male
1913,11,QLD,-27.31666667,153.05,injured,unprovoked,Kayaking/Paddling,tiger shark,male
1913,12,SA,-35.05,138.45,injured,unprovoked,Wading,white shark,male
1914,1,NSW,-33.85,151.15,uninjured,unprovoked,Swimming,bull shark,male
1914,1,QLD,-27.31666667,153.05,injured,unprovoked,Surfing/Boarding,wobbegong,female
1914,2,NSW,-33.83333333,151.0666667,injured,unprovoked,Surfing/Boarding,bull shark,male
1914,2,SA,-35.23333333,136.9666667,injured,provoked,Swimming,wobbegong,male
1914,4,NSW,-29.43333333,153.1833333,injured,provoked,Swimming,bull shark,male
1914,6,VIC,-37.95,145,fatal,unprovoked,Swimming,white shark,male
1914,12,QLD,-19.16666667,146.8333333,injured,unprovoked,Swimming,Unknown,male
1914,12,WA,-31.98333333,115.7333333,injured,provoked,Swimming,wobbegong,male
1915,1,NSW,-33.83333333,151.2333333,fatal,unprovoked,Surfing/Boarding,bull shark,male
1915,2,QLD,-27.26666667,153.2166667,injured,unprovoked,Surfing/Boarding,wobbegong,male
1915,11,NSW,-33.78333333,151.2833333,injured,unprovoked,Wading,whaler shark,male
1915,11,QLD,-27.31666667,153.0666667,injured,unprovoked,Kayaking/Paddling,bull shark,male
1916,2,TAS,-41.05,145.75,uninjured,provoked,Surfing/Boarding,wobbegong,male
1916,3,NSW,-33.76666667,151.2833333,injured,unprovoked,Diving/Snorkelling,white shark,male
1916,11,QLD,-19.23333333,146.8,fatal,unprovoked,Surfing/Boarding,tiger shark,male
1916,11,QLD,-19.23333333,146.8166667,fatal,unprovoked,Kayaking/Paddling,tiger shark,male
1916,11,WA,-20,119.3666667,injured,provoked,Surfing/Boarding,tiger shark,male
1916,11,WA,-20,119.3333333,fatal,provoked,Spearfishing,tiger shark,male
1916,12,NSW,-33.78333333,151.2166667,fatal,unprovoked,Swimming,bull shark,male
1916,12,QLD,-23.11666667,150.75,fatal,unprovoked,Surfing/Boarding,tiger shark,male
1917,6,QLD,-27.23333333,153.2166667,injured,provoked,Surfing/Boarding,whaler shark,male
1917,12,WA,-20.3,118.5833333,injured,unprovoked,Surfing/Boarding,tiger shark,male
1918,1,NSW,-32.66666667,152.15,injured,provoked,Spearfishing,wobbegong,male
1918,3,NSW,-32.91666667,151.7833333,injured,unprovoked,Swimming,white shark,male
1918,3,QLD,-28.15,153.5166667,injured,provoked,Wading,wobbegong,male
1918,3,NSW,-28.15,153.1,injured,unprovoked,Surfing/Boarding,tiger shark,male
1918,4,NSW,-26.41666667,150.0666667,uninjured,provoked,Surfing/Boarding,wobbegong,male
1918,4,NSW,-33.86666667,151.2,uninjured,unprovoked,Surfing/Boarding,bull shark,male
1918,9,QLD,-19.25,146.8166667,fatal,unprovoked,Swimming,tiger shark,male
1918,11,QLD,-16.7,146.05,fatal,provoked,Swimming,tiger shark,male
1919,1,NSW,-32.91666667,151.7833333,injured,unprovoked,Surfing/Boarding,white shark,male
1919,1,NSW,-33.83333333,151.2333333,fatal,unprovoked,Kayaking/Paddling,bull shark,male
1919,1,QLD,-19.45,146.6,fatal,unprovoked,Surfing/Boarding,bull shark,male
1919,12,QLD,-27.08333333,153.45,injured,provoked,Diving/Snorkelling,wobbegong,male
1919,12,NSW,-30.91666667,153.0166667,fatal,unprovoked,Fishing,bull shark,male
1920,1,NSW,-32.9,151.75,fatal,unprovoked,Surfing/Boarding,bull shark,male
1920,2,NSW,-33.33333333,151.5,uninjured,provoked,Surfing/Boarding,wobbegong,male
1920,3,QLD,-19.25,146.8166667,injured,unprovoked,Spearfishing,tiger shark,male
1920,7,QLD,-20.9,151.7166667,injured,provoked,Fishing,tiger shark,male
1920,11,NSW,-32.2,152.55,injured,provoked,Other,wobbegong,male
1920,11,WA,-35.01666667,117.3333333,injured,unprovoked,Fishing,wobbegong,male
1920,11,WA,-31.98333333,115.7333333,injured,unprovoked,Surfing/Boarding,wobbegong,male
1920,12,QLD,-14.5,144.9166667,injured,provoked,Surfing/Boarding,Unknown,male
1920,12,NSW,-28.8,153.2666667,injured,unprovoked,Swimming,bull shark,male
1921,10,QLD,-18.23333333,146.65,injured,provoked,Surfing/Boarding,tiger shark,male
1921,10,QLD,-16.9,146.2333333,fatal,unprovoked,Swimming,tiger shark,male
1921,11,QLD,-27.43333333,153.15,fatal,unprovoked,Other,bull shark,male
1921,11,QLD,-27.43333333,153.15,injured,unprovoked,Spearfishing,bull shark,male
1921,12,QLD,-23.38333333,150.55,injured,unprovoked,Swimming,bull shark,male
1922,1,NSW,-32.85,151.8333333,injured,unprovoked,Swimming,white shark,male
1922,1,QLD,-19.45,146.6,fatal,unprovoked,Surfing/Boarding,bull shark,male
1922,2,NSW,-33.91666667,151.25,fatal,unprovoked,Diving/Snorkelling,white shark,male
1922,3,NSW,-33.91666667,151.25,fatal,unprovoked,Swimming,white shark,male
1922,12,QLD,-25.53333333,152.7,fatal,unprovoked,Swimming,tiger shark,male
1923,1,WA,-31.96666667,115.7666667,fatal,unprovoked,Diving/Snorkelling,bull shark,male
1923,1,NSW,-32.93333333,151.75,uninjured,provoked,Swimming,white shark,male
1923,3,QLD,-19.23333333,146.8166667,injured,unprovoked,Swimming,bull shark,male
1923,5,QLD,-16.85,146.15,fatal,provoked,Wading,tiger shark,male
1923,5,WA,-28.81666667,114.6166667,injured,provoked,Fishing,wobbegong,male
1923,6,QLD,-18.7,147.7666667,injured,provoked,Swimming,tiger shark,male
1923,6,NSW,-34.35,150.9166667,fatal,unprovoked,Kayaking/Paddling,white shark,male
1923,10,QLD,-10.56666667,142.2166667,injured,provoked,Swimming,tiger shark,male
1923,11,WA,-20,119.35,fatal,provoked,Surfing/Boarding,tiger shark,male
1923,11,WA,-20,119.35,fatal,provoked,Diving/Snorkelling,tiger shark,male
1923,12,NSW,-28.31666667,153.4,injured,unprovoked,Surfing/Boarding,bull shark,male
1924,1,NSW,-33.8,151.0166667,fatal,unprovoked,Surfing/Boarding,bull shark,male
1924,2,WA,-33.31666667,115.6333333,injured,unprovoked,Surfing/Boarding,wobbegong,male
1924,2,NSW,-33.9,151.2666667,injured,unprovoked,Surfing/Boarding,white shark,female
1924,4,NSW,-34.66666667,150.85,fatal,unprovoked,Swimming,white shark,male
1924,10,VIC,-37.83333333,144.9333333,injured,unprovoked,Surfing/Boarding,white shark,male
1925,3,NSW,-33.91666667,151.25,injured,unprovoked,Fishing,white shark,male
1925,3,NSW,-32.91666667,151.7833333,fatal,unprovoked,Kayaking/Paddling,white shark,male
1925,11,WA,-31.98333333,115.75,fatal,unprovoked,Swimming,tiger shark,male
1926,3,SA,-34.9,137,fatal,unprovoked,Spearfishing,white shark,female
1926,10,NSW,-29.45,153.1833333,injured,unprovoked,Surfing/Boarding,bull shark,male
1926,11,QLD,-10.56666667,142.2166667,injured,provoked,Surfing/Boarding,tiger shark,male
1926,12,QLD,-18.71666667,146.5666667,fatal,provoked,Surfing/Boarding,tiger shark,male
1927,1,QLD,-10.56666667,142.2166667,injured,provoked,Wading,tiger shark,male
1927,1,NSW,-34.05,151.0833333,fatal,unprovoked,Wading,tiger shark,male
1927,2,QLD,-27.46666667,153.0333333,uninjured,unprovoked,Swimming,bull shark,male
1927,3,NSW,-32.93333333,151.75,injured,unprovoked,Kayaking/Paddling,white shark,male
1927,4,QLD,-10.56666667,142.2166667,injured,provoked,Surfing/Boarding,tiger shark,male
1927,4,QLD,-10.56666667,142.2166667,injured,provoked,Surfing/Boarding,tiger shark,male
1927,5,QLD,-17.21666667,145.9666667,fatal,unprovoked,Surfing/Boarding,tiger shark,male
1927,7,WA,-17.98333333,122.2333333,uninjured,provoked,Fishing,tiger shark,male
1928,1,QLD,-9.516666667,141.5666667,fatal,provoked,Fishing,tiger shark,male
1928,2,QLD,-14.15,144.5,fatal,provoked,Fishing,tiger shark,male
1928,3,QLD,-19.8,149.05,injured,provoked,Surfing/Boarding,tiger shark,male
1928,4,QLD,-27.51666667,152.9833333,injured,unprovoked,Diving/Snorkelling,bull shark,male
1928,4,NSW,-33.88333333,151.2666667,injured,unprovoked,Swimming,white shark,male
1928,4,NSW,-32.93333333,151.75,fatal,unprovoked,Spearfishing,white shark,male
1928,7,QLD,-10.58333333,142.2166667,injured,unprovoked,Surfing/Boarding,tiger shark,male
1928,12,QLD,-10.58333333,142.2166667,injured,provoked,Surfing/Boarding,tiger shark,male
1929,1,QLD,-19.13333333,146.8333333,fatal,unprovoked,Surfing/Boarding,tiger shark,male
1929,1,SA,-34.41666667,137.9166667,injured,provoked,Surfing/Boarding,wobbegong,male
1929,1,NSW,-33.88333333,151.2666667,fatal,unprovoked,Spearfishing,white shark,male
1929,2,NSW,-35.03333333,150.7166667,injured,provoked,Other,wobbegong,male
1929,2,NSW,-33.93333333,151.25,fatal,unprovoked,Fishing,white shark,male
1929,2,NSW,-33.88333333,151.2666667,fatal,unprovoked,Swimming,white shark,male
1929,2,SA,-34.96666667,138.5,uninjured,unprovoked,Surfing/Boarding,white shark,female
1929,3,QLD,-19.51666667,148.8333333,injured,provoked,Swimming,Unknown,male
1929,3,SA,-34.41666667,137.9166667,injured,unprovoked,Spearfishing,wobbegong,male
1929,3,SA,-34.41666667,137.9166667,injured,unprovoked,Wading,wobbegong,male
1929,3,QLD,-9.416666667,142.5333333,fatal,unprovoked,Surfing/Boarding,tiger shark,male
1929,4,QLD,-21,149.8833333,injured,provoked,Swimming,tiger shark,male
1929,4,QLD,-26.98333333,153.0666667,injured,provoked,Swimming,bull shark,male
1929,4,QLD,-10.11666667,142.1333333,fatal,unprovoked,Surfing/Boarding,tiger shark,male
1929,5,QLD,-10.05,143.0666667,injured,provoked,Spearfishing,tiger shark,male
1929,9,QLD,-10.56666667,142.2166667,injured,provoked,Surfing/Boarding,tiger shark,male
1929,9,QLD,-19.45,146.6,fatal,unprovoked,Surfing/Boarding,bull shark,male
1929,10,QLD,-10.11666667,142.1333333,injured,unprovoked,Fishing,tiger shark,male
1929,12,QLD,-19.45,146.6,fatal,unprovoked,Swimming,bull shark,male
1929,12,NSW,-33.71666667,151.3,injured,unprovoked,Swimming,wobbegong,female
1929,12,NSW,-33.85,151.1833333,fatal,unprovoked,Surfing/Boarding,bull shark,male
1929,12,QLD,-10.56666667,142.2166667,injured,unprovoked,Swimming,tiger shark,male
1929,12,QLD,-28.16666667,153.5333333,uninjured,unprovoked,Kayaking/Paddling,Unknown,male
1930,1,QLD,-10.15,142.1833333,injured,provoked,Fishing,tiger shark,male
1930,2,VIC,-37.9,144.9833333,fatal,unprovoked,Kayaking/Paddling,white shark,male
1930,2,QLD,-10.56666667,142.2166667,injured,unprovoked,Kayaking/Paddling,tiger shark,male
1930,6,QLD,-9.95,142.1833333,fatal,unprovoked,Surfing/Boarding,tiger shark,male
1930,7,QLD,-10.25,142.1,fatal,provoked,Swimming,tiger shark,male
1930,8,WA,-28.76666667,114.6,injured,provoked,Spearfishing,wobbegong,male
1930,12,NSW,-33.83333333,151.0666667,injured,unprovoked,Kayaking/Paddling,bull shark,male
1931,1,NSW,-33.8,151.2333333,injured,provoked,Spearfishing,wobbegong,male
1931,1,QLD,-23.11666667,150.7333333,injured,unprovoked,Diving/Snorkelling,tiger shark,male
1931,1,QLD,-10.58333333,142.2166667,injured,provoked,Swimming,tiger shark,male
1931,1,QLD,-10.56666667,142.2166667,injured,provoked,Swimming,tiger shark,male
1931,3,QLD,-19.45,146.6,fatal,provoked,Swimming,bull shark,male
1931,11,QLD,-17.53333333,146.0166667,injured,provoked,Kayaking/Paddling,tiger shark,male
1932,1,QLD,-27.6,152.7666667,injured,unprovoked,Surfing/Boarding,bull shark,male
1932,2,QLD,-23.83333333,151.2166667,injured,provoked,Swimming,bull shark,male
1932,2,NSW,-34.36666667,150.9166667,injured,provoked,Swimming,wobbegong,male
1932,5,QLD,-16.91666667,145.7666667,injured,provoked,Surfing/Boarding,tiger shark,male
1932,5,QLD,-9.4,142.6666667,fatal,unprovoked,Swimming,tiger shark,male
1932,8,QLD,-10.56666667,142.2166667,injured,unprovoked,Surfing/Boarding,tiger shark,male
1932,10,NSW,-33,151.7166667,injured,unprovoked,Swimming,white shark,male
1932,12,NT,-11.93333333,132.6166667,injured,unprovoked,Surfing/Boarding,tiger shark,male
1933,1,QLD,-19.25,146.8166667,fatal,unprovoked,Swimming,tiger shark,male
1933,2,WA,-31.96666667,115.85,uninjured,provoked,Surfing/Boarding,bull shark,male
1933,2,QLD,-14.15,144.5,injured,provoked,Fishing,tiger shark,male
1933,3,QLD,-20.96666667,149.75,injured,provoked,Swimming,tiger shark,male
1933,6,NT,-12.45,130.8333333,uninjured,provoked,Swimming,Unknown,male
1933,6,QLD,-28.13333333,153.4666667,injured,unprovoked,Surfing/Boarding,bull shark,male
1933,7,WA,-17.96666667,122.1666667,uninjured,provoked,Swimming,tiger shark,male
1933,9,QLD,-10.56666667,142.2166667,fatal,provoked,Spearfishing,tiger shark,male
1933,10,QLD,-14.15,144.5,injured,provoked,Diving/Snorkelling,tiger shark,male
1933,10,NSW,-29.1,153.4333333,injured,provoked,Swimming,wobbegong,male
1934,1,NSW,-33.98333333,151.0666667,injured,unprovoked,Wading,bull shark,male
1934,1,NSW,-33.78333333,151.2833333,injured,unprovoked,Diving/Snorkelling,white shark,male
1934,1,QLD,-20,148.45,uninjured,provoked,Diving/Snorkelling,tiger shark,male
1934,2,QLD,-10.6,142.6166667,injured,provoked,Surfing/Boarding,tiger shark,male
1934,3,NSW,-33.75,151.3,fatal,unprovoked,Surfing/Boarding,white shark,male
1934,4,QLD,-28.15,153.4833333,injured,unprovoked,Surfing/Boarding,tiger shark,male
1934,4,NSW,-33.78333333,151.2833333,fatal,unprovoked,Spearfishing,white shark,male
1934,8,QLD,-18.23333333,146.3166667,fatal,unprovoked,Swimming,tiger shark,male
1934,10,QLD,-9.966666667,143.2666667,fatal,provoked,Swimming,tiger shark,male
1934,10,NT,-11.66666667,132.5166667,fatal,unprovoked,Spearfishing,tiger shark,female
1934,12,NSW,-33.95,151.9666667,injured,unprovoked,Swimming,bull shark,female
1934,12,NSW,-33.93333333,150.9666667,fatal,unprovoked,Surfing/Boarding,bull shark,male
1934,12,NSW,-33.48333333,151.3,fatal,unprovoked,Kayaking/Paddling,bull shark,male
1934,12,NSW,-33.48333333,151.3,injured,unprovoked,Swimming,bull shark,female
1935,1,QLD,-10.56666667,142.2166667,fatal,unprovoked,Surfing/Boarding,tiger shark,male
1935,2,NSW,-34.3,150.9333333,injured,unprovoked,Surfing/Boarding,white shark,male
1935,3,NSW,-33.93333333,151.25,fatal,unprovoked,Swimming,white shark,male
1935,3,QLD,-21.16666667,149.2333333,injured,unprovoked,Swimming,whaler shark,male
1935,3,QLD,-14.66666667,145.45,injured,provoked,Spearfishing,tiger shark,male
1935,3,NSW,-33.7,151.3,fatal,unprovoked,Surfing/Boarding,white shark,male
1935,5,QLD,-9.4,142.6666667,injured,provoked,Surfing/Boarding,whaler shark,male
1935,8,QLD,-9.4,142.6666667,fatal,provoked,Fishing,tiger shark,male
1935,11,QLD,-17.53333333,146.0166667,injured,provoked,Swimming,tiger shark,male
1936,1,NSW,-33.88333333,151.2666667,uninjured,provoked,Surfing/Boarding,white shark,male
1936,1,WA,-20.66666667,117.1833333,injured,provoked,Wading,tiger shark,male
1936,1,SA,-34.9,137,fatal,unprovoked,Surfing/Boarding,white shark,male
1936,2,NSW,-33.78333333,151.2833333,fatal,unprovoked,Swimming,white shark,male
1936,2,QLD,-27.43333333,153.0833333,uninjured,unprovoked,Surfing/Boarding,bull shark,male
1936,3,QLD,-12.78333333,143.6,injured,provoked,Surfing/Boarding,tiger shark,male
1936,3,QLD,-12.16666667,143.3833333,injured,unprovoked,Fishing,whaler shark,male
1936,4,QLD,-16.7,146.05,injured,provoked,Spearfishing,tiger shark,male
1936,5,QLD,-20.81666667,149.4833333,injured,provoked,Swimming,Unknown,male
1936,6,QLD,-10.6,142.2166667,fatal,provoked,Swimming,tiger shark,male
1936,7,QLD,-20.81666667,149.4833333,injured,provoked,Other,tiger shark,male
1936,8,QLD,-9.95,142.1833333,injured,provoked,Surfing/Boarding,whaler shark,male
1936,11,WA,-31.98333333,115.5333333,injured,provoked,Swimming,wobbegong,male
1936,11,NSW,-33.95,151.15,injured,unprovoked,Swimming,wobbegong,male
1936,12,NSW,-32.9,151.75,fatal,unprovoked,Surfing/Boarding,bull shark,male
1937,1,QLD,-10.58333333,142.2166667,injured,unprovoked,Surfing/Boarding,tiger shark,male
1937,2,NSW,-32.93333333,151.75,fatal,unprovoked,Surfing/Boarding,white shark,male
1937,2,NSW,-30.91666667,153.0833333,injured,unprovoked,Diving/Snorkelling,wobbegong,male
1937,5,QLD,-19.45,146.6,fatal,unprovoked,Swimming,bull shark,male
1937,8,QLD,-9.95,142.1833333,injured,provoked,Fishing,tiger shark,male
1937,10,NSW,-28.63333333,153.6166667,injured,unprovoked,Wading,white shark,male
1937,10,QLD,-28.16666667,153.5166667,fatal,unprovoked,Diving/Snorkelling,tiger shark,male
1937,10,QLD,-28.16666667,153.5166667,fatal,unprovoked,Kayaking/Paddling,tiger shark,male
1937,11,QLD,-23.38333333,150.5166667,injured,unprovoked,Fishing,bull shark,male
1937,11,QLD,-18.53333333,146.2333333,injured,provoked,Surfing/Boarding,tiger shark,male
1938,1,QLD,-18.13333333,146.25,injured,provoked,Swimming,tiger shark,male
1938,1,NSW,-33.85,151.25,injured,provoked,Swimming,bull shark,male
1938,1,NSW,-34.03333333,151.15,uninjured,unprovoked,Surfing/Boarding,white shark,male
1938,3,NT,-12.03333333,134.2,injured,unprovoked,Surfing/Boarding,whaler shark,male
1938,6,QLD,-10.56666667,142.1666667,fatal,provoked,Diving/Snorkelling,Unknown,male
1938,7,NT,-11.4,130.4,fatal,provoked,Diving/Snorkelling,whaler shark,male
1938,10,QLD,-27.43333333,153.1666667,injured,provoked,Surfing/Boarding,tiger shark,male
1938,11,QLD,-27.35,153.1166667,injured,provoked,Fishing,wobbegong,male
1939,1,NSW,-29.41666667,152.3333333,uninjured,provoked,Kayaking/Paddling,bull shark,male
1939,9,QLD,-9.95,142.1666667,injured,provoked,Swimming,tiger shark,male
1939,10,QLD,-16.71666667,154.6833333,injured,unprovoked,Surfing/Boarding,Unknown,male
1939,10,QLD,-12.61666667,143.45,injured,provoked,Fishing,tiger shark,male
1939,12,NSW,-33.98333333,151.0666667,injured,unprovoked,Fishing,bull shark,male
1939,12,QLD,-21.16666667,149.2333333,fatal,unprovoked,Swimming,bull shark,male
1940,1,QLD,-10.56666667,142.2166667,injured,provoked,Surfing/Boarding,tiger shark,male
1940,1,QLD,-27.48333333,153.0166667,injured,unprovoked,Surfing/Boarding,bull shark,male
1940,1,QLD,-28,153.4166667,injured,unprovoked,Swimming,tiger shark,male
1940,1,NSW,-33.95,151.15,fatal,unprovoked,Spearfishing,tiger shark,male
1940,2,NSW,-33.95,151.15,fatal,unprovoked,Swimming,bull shark,male
1940,3,NSW,-34.73333333,150.8333333,injured,provoked,Spearfishing,wobbegong,male
1940,5,QLD,-21.4,150.5333333,injured,unprovoked,Spearfishing,tiger shark,male
1940,12,NSW,-32.85,151.8333333,fatal,unprovoked,Swimming,tiger shark,male
1941,10,QLD,-10.56666667,142.2166667,injured,unprovoked,Surfing/Boarding,tiger shark,male
1941,10,QLD,-10.11666667,142.1333333,fatal,unprovoked,Surfing/Boarding,tiger shark,male
1941,11,WA,-26.46666667,110.2666667,injured,unprovoked,Wading,Unknown,male
1941,12,WA,-24.88333333,113.65,injured,unprovoked,Surfing/Boarding,bull shark,male
1942,1,NSW,-33.76666667,151.2166667,fatal,unprovoked,Kayaking/Paddling,bull shark,female
1942,1,NSW,-33.78333333,151.2833333,uninjured,provoked,Swimming,white shark,male
1942,5,QLD,-17.7,146.5166667,injured,provoked,Other,tiger shark,male
1942,8,QLD,-20.08333333,148.8833333,injured,provoked,Surfing/Boarding,Unknown,male
1942,9,QLD,-16.78333333,145.7,injured,unprovoked,Fishing,tiger shark,male
1942,12,NSW,-33.76666667,151.2166667,fatal,unprovoked,Surfing/Boarding,bull shark,female
1943,1,NT,-12.46666667,130.8333333,injured,unprovoked,Surfing/Boarding,tiger shark,male
1944,1,NSW,-32.16666667,152.5166667,injured,unprovoked,Diving/Snorkelling,white shark,male
1945,2,NSW,-33.95,151.25,injured,provoked,Surfing/Boarding,wobbegong,male
1945,6,QLD,-16.71666667,145.6666667,fatal,unprovoked,Surfing/Boarding,tiger shark,male
1946,1,QLD,-19.25,146.8166667,injured,unprovoked,Surfing/Boarding,Unknown,male
1946,1,NSW,-33.98333333,151.0833333,fatal,unprovoked,Surfing/Boarding,bull shark,female
1946,2,WA,-31.93333333,115.75,injured,unprovoked,Spearfishing,white shark,male
1946,4,QLD,-16.78333333,145.7,fatal,unprovoked,Surfing/Boarding,tiger shark,male
1946,8,QLD,-16.71666667,145.6333333,fatal,unprovoked,Diving/Snorkelling,tiger shark,male
1946,10,NSW,-33.05,151.6333333,injured,unprovoked,Surfing/Boarding,bull shark,male
1946,11,QLD,-10.56666667,142.2166667,fatal,provoked,Surfing/Boarding,tiger shark,male
1946,12,SA,-34.96666667,138.5,injured,unprovoked,Surfing/Boarding,white shark,male
1947,7,NT,-12.45,130.7833333,uninjured,provoked,Swimming,tiger shark,male
1947,10,QLD,-16.55,139.4,injured,unprovoked,Swimming,tiger shark,male
1947,11,NSW,-31.33333333,152.8333333,fatal,unprovoked,Diving/Snorkelling,bull shark,male
1947,11,NSW,-31.33333333,152.8333333,injured,unprovoked,Swimming,bull shark,male
1947,12,NSW,-31.7,152.75,injured,provoked,Surfing/Boarding,bull shark,male
1948,1,WA,-31.98333333,115.5333333,injured,provoked,Surfing/Boarding,wobbegong,male
1948,2,NSW,-32.85,151.8333333,fatal,unprovoked,Fishing,tiger shark,male
1948,11,QLD,-9.633333333,142.6833333,injured,provoked,Surfing/Boarding,tiger shark,male
1948,12,QLD,-26.8,153.1333333,fatal,unprovoked,Surfing/Boarding,tiger shark,male
1948,12,NSW,-33.85,151.25,uninjured,provoked,Surfing/Boarding,tiger shark,male
1949,1,NSW,-33.88333333,151.2666667,uninjured,provoked,Swimming,whaler shark,male
1949,1,NSW,-29.1,153.4333333,injured,provoked,Surfing/Boarding,wobbegong,male
1949,1,NSW,-33.66666667,151.3,uninjured,unprovoked,Swimming,white shark,male
1949,1,NSW,-32.93333333,151.75,fatal,unprovoked,Surfing/Boarding,white shark,male
1949,2,NSW,-33.65,151.3166667,uninjured,unprovoked,Surfing/Boarding,white shark,male
1949,4,QLD,-16.71666667,145.6333333,fatal,unprovoked,Surfing/Boarding,tiger shark,male
1949,5,WA,-17.96666667,122.1666667,injured,unprovoked,Surfing/Boarding,bull shark,female
1949,8,TAS,-40.11666667,148.9333333,injured,unprovoked,Surfing/Boarding,white shark,male
1949,8,QLD,-16.81666667,145.7666667,injured,unprovoked,Spearfishing,tiger shark,male
1949,8,QLD,-16.81666667,145.7666667,fatal,unprovoked,Surfing/Boarding,tiger shark,male
1949,11,NSW,-34,151.2,injured,provoked,Swimming,wobbegong,male
1950,1,VIC,-37.96666667,144.7,injured,provoked,Surfing/Boarding,wobbegong,male
1950,4,QLD,-16.9,145.85,fatal,unprovoked,Surfing/Boarding,tiger shark,male
1950,11,QLD,-28.1,153.1,injured,unprovoked,Diving/Snorkelling,bull shark,male
1950,11,QLD,-23.11666667,150.7333333,uninjured,unprovoked,Surfing/Boarding,tiger shark,male
1950,12,QLD,-28.1,153.4666667,fatal,unprovoked,Surfing/Boarding,tiger shark,male
1951,2,NSW,-34.53333333,150.8666667,injured,provoked,Other,bull shark,male
1951,2,NSW,-33.88333333,151.2666667,injured,unprovoked,Surfing/Boarding,wobbegong,male
1951,3,NSW,-33.63333333,151.3166667,injured,provoked,Swimming,wobbegong,male
1951,9,QLD,-23.38333333,150.55,fatal,unprovoked,Fishing,bull shark,male
1951,10,QLD,-19.23333333,146.8,fatal,unprovoked,Surfing/Boarding,tiger shark,male
1951,12,NSW,-32.93333333,151.75,fatal,unprovoked,Surfing/Boarding,white shark,male
1951,12,NSW,-33.36666667,151.4333333,uninjured,unprovoked,Diving/Snorkelling,white shark,male
1952,1,NSW,-29.1,153.4333333,injured,unprovoked,Swimming,wobbegong,male
1952,2,QLD,-19.25,146.8166667,uninjured,provoked,Surfing/Boarding,bull shark,male
1952,5,WA,-35.06666667,117.05,injured,provoked,Surfing/Boarding,wobbegong,male
1952,11,VIC,-38.38333333,145.15,injured,unprovoked,Swimming,white shark,male
1952,12,SA,-38.01666667,140.5666667,injured,provoked,Swimming,white shark,male
1953,2,NSW,-33.86666667,151.2,injured,provoked,Spearfishing,wobbegong,male
1953,2,NSW,-34.56666667,150.8666667,injured,provoked,Surfing/Boarding,wobbegong,male
1953,2,NSW,-33.71666667,151.3,injured,provoked,Fishing,wobbegong,male
1953,3,NSW,-33.73333333,151.3,injured,provoked,Surfing/Boarding,tiger shark,male
1953,12,NSW,-33.93333333,151.25,uninjured,unprovoked,Swimming,white shark,male
1953,12,NSW,-33.93333333,151.25,injured,unprovoked,Surfing/Boarding,white shark,male
1953,12,QLD,-28.11666667,153.4666667,injured,unprovoked,Swimming,white shark,male
1954,1,SA,-38.05,140.7,injured,provoked,Swimming,wobbegong,male
1954,1,QLD,-10.23333333,142.4833333,injured,provoked,Surfing/Boarding,tiger shark,female
1954,1,NSW,-33.45,151.4333333,injured,unprovoked,Swimming,whaler shark,male
1954,2,NSW,-33.33333333,151.5,fatal,unprovoked,Surfing/Boarding,white shark,male
1954,6,QLD,-16.91666667,145.99445,injured,provoked,Spearfishing,tiger shark,male
1954,9,QLD,-9.583333333,143.7666667,fatal,provoked,Swimming,tiger shark,male
1955,1,NSW,-33.81666667,151.25,fatal,provoked,Surfing/Boarding,bull shark,male
1955,2,NSW,-33.78333333,151.2166667,fatal,unprovoked,Swimming,bull shark,male
1955,3,NSW,-33.41666667,151.45,fatal,unprovoked,Spearfishing,white shark,male
1955,10,QLD,-17.93333333,145.9333333,injured,provoked,Surfing/Boarding,wobbegong,male
1956,1,QLD,-17.71666667,146.4,injured,provoked,Other,tiger shark,male
1956,2,QLD,-21.11666667,149.15,fatal,unprovoked,Swimming,bull shark,male
1956,2,VIC,-38.43333333,145.2333333,injured,unprovoked,Surfing/Boarding,wobbegong,male
1956,2,VIC,-37.96666667,145,uninjured,provoked,Surfing/Boarding,bronze whaler shark,male
1956,3,WA,-32.13333333,115.7333333,uninjured,unprovoked,Surfing/Boarding,whaler shark,male
1956,3,VIC,-38.33333333,144.7,fatal,unprovoked,Spearfishing,white shark,male
1956,5,QLD,-10.58333333,142.2166667,injured,provoked,Swimming,tiger shark,male
1956,8,QLD,-28,153.4166667,injured,provoked,Swimming,wobbegong,male
1957,1,NSW,-28.63333333,153.6166667,uninjured,unprovoked,Surfing/Boarding,white shark,male
1957,2,WA,-16.38333333,122.9166667,fatal,unprovoked,Surfing/Boarding,tiger shark,male
1957,4,NSW,-32.93333333,151.75,injured,unprovoked,Spearfishing,wobbegong,male
1957,4,QLD,-10.56666667,142.2166667,injured,provoked,Surfing/Boarding,tiger shark,male
1957,5,NSW,-32.68333333,152.1833333,injured,provoked,Surfing/Boarding,white shark,male
1957,7,QLD,-10.58333333,142.2166667,injured,provoked,Other,tiger shark,male
1958,1,NSW,-28.53333333,153.55,injured,unprovoked,Kayaking/Paddling,wobbegong,male
1958,1,NSW,-35.2,150.55,injured,provoked,Surfing/Boarding,white shark,male
1958,2,NSW,-33.05,151.6333333,uninjured,provoked,Swimming,bull shark,male
1958,3,QLD,-9.75,143.4,fatal,provoked,Swimming,tiger shark,male
1958,3,VIC,-38.21666667,145.0166667,uninjured,provoked,Diving/Snorkelling,bronze whaler shark,male
1958,9,NSW,-32.71666667,152.1666667,injured,provoked,Surfing/Boarding,wobbegong,male
1958,11,QLD,-28,153.4166667,fatal,unprovoked,Swimming,tiger shark,male
1959,1,WA,-31.95,115.85,injured,provoked,Surfing/Boarding,bull shark,male
1959,1,QLD,-26.66666667,153.1166667,injured,unprovoked,Swimming,wobbegong,male
1959,1,TAS,-43.15,147.85,fatal,provoked,Fishing,white shark,male
1959,1,TAS,-39.85,143.8333333,injured,unprovoked,Swimming,white shark,male
1959,4,NSW,-34.3,150.9166667,uninjured,provoked,Other,whaler shark,male
1959,4,QLD,-10.58333333,142.2166667,injured,provoked,Surfing/Boarding,tiger shark,male
1959,11,QLD,-28.01666667,153.4333333,injured,provoked,Swimming,tiger shark,male
1959,11,VIC,-38.45,144.0833333,injured,unprovoked,Fishing,white shark,male
1959,12,QLD,-27.43333333,153.1666667,fatal,unprovoked,Surfing/Boarding,tiger shark,male
1959,12,QLD,-27.23333333,153.1,uninjured,provoked,Swimming,tiger shark,male
1960,1,VIC,-37.98333333,145.0166667,injured,provoked,Swimming,bronze whaler shark,male
1960,1,NSW,-33.76666667,151.2,fatal,unprovoked,Fishing,bull shark,male
1960,4,VIC,-38.16666667,145.0666667,injured,provoked,Kayaking/Paddling,bronze whaler shark,male
1960,4,NSW,-30.86666667,153.0333333,injured,unprovoked,Surfing/Boarding,white shark,male
1960,4,NSW,-32.6,152.3166667,uninjured,provoked,Surfing/Boarding,bronze whaler shark,male
1960,11,QLD,-21.13333333,149.2,injured,unprovoked,Surfing/Boarding,whaler shark,male
1960,11,WA,-34.21666667,115.0166667,injured,provoked,Kayaking/Paddling,wobbegong,male
1960,12,NSW,-33.78333333,151.2833333,injured,unprovoked,Surfing/Boarding,whaler shark,female
1960,12,QLD,-27.36666667,153.15,injured,unprovoked,Fishing,bull shark,male
1961,1,NSW,-30.63333333,153.1833333,injured,provoked,Swimming,dogfish,male
1961,2,VIC,-38.26666667,145.0166667,injured,unprovoked,Surfing/Boarding,wobbegong,female
1961,2,WA,-32.11666667,115.65,uninjured,provoked,Fishing,wobbegong,male
1961,3,SA,-34.96666667,138.5,injured,provoked,Swimming,bronze whaler shark,male
1961,3,VIC,-38.38333333,142.4833333,injured,unprovoked,Surfing/Boarding,white shark,male
1961,3,SA,-35.28333333,138.4333333,injured,provoked,Kayaking/Paddling,white shark,male
1961,4,VIC,-38.46666667,145.0166667,uninjured,provoked,Surfing/Boarding,dusky shark,male
1961,12,QLD,-26.36666667,153.0833333,fatal,unprovoked,Surfing/Boarding,bull shark,male
1961,12,QLD,-21.06666667,149.2166667,injured,unprovoked,Surfing/Boarding,tiger shark,male
1961,12,QLD,-21.06666667,149.2166667,fatal,unprovoked,Swimming,tiger shark,female
1961,12,QLD,-10.38333333,142.2833333,injured,unprovoked,Kayaking/Paddling,tiger shark,male
1962,1,NSW,-28.78333333,153.5833333,injured,unprovoked,Spearfishing,white shark,male
1962,1,NSW,-33.73333333,151.3,uninjured,unprovoked,Other,white shark,male
1962,2,QLD,-28.15,153.5333333,injured,provoked,Surfing/Boarding,wobbegong,male
1962,11,NSW,-33.73333333,151.3166667,uninjured,provoked,Kayaking/Paddling,whaler shark,male
1962,12,SA,-35.4,138.3166667,fatal,provoked,Surfing/Boarding,white shark,male
1963,1,NSW,-33.78333333,151.2333333,fatal,unprovoked,Swimming,bull shark,female
1963,2,NSW,-34.3,150.9333333,injured,provoked,Wading,bronze whaler shark,male
1963,4,WA,-33.63333333,115,injured,unprovoked,Surfing/Boarding,white shark,male
1963,12,SA,-35.28333333,138.4333333,injured,provoked,Surfing/Boarding,white shark,male
1964,1,WA,-31.95,115.85,uninjured,provoked,Swimming,whaler shark,male
1964,1,WA,-34.21666667,115.0166667,injured,provoked,Swimming,wobbegong,male
1964,3,SA,-35.53333333,138.6166667,injured,unprovoked,Swimming,white shark,male
1964,10,WA,-32.51666667,115.6833333,injured,provoked,Wading,Unknown,male
1964,11,VIC,-38.41666667,142,injured,provoked,Surfing/Boarding,white shark,male
1965,1,VIC,-37.83333333,144.9333333,injured,provoked,Surfing/Boarding,wobbegong,male
1965,11,QLD,-16.91666667,145.7666667,injured,unprovoked,Fishing,tiger shark,male
1965,12,WA,-31.98333333,115.5333333,injured,provoked,Spearfishing,wobbegong,male
1966,2,NSW,-34.28333333,150.9333333,injured,unprovoked,Kayaking/Paddling,white shark,male
1966,5,NSW,-35.03333333,150.7166667,fatal,unprovoked,Surfing/Boarding,white shark,male
1966,9,WA,-31.98333333,115.5333333,uninjured,provoked,Surfing/Boarding,shortfin mako shark,male
1966,12,NSW,-33.91666667,151.25,injured,provoked,Swimming,wobbegong,male
1966,12,QLD,-23.43333333,151.9,injured,provoked,Wading,bronze whaler shark,male
1966,12,TAS,-41.86666667,148.3,injured,provoked,Swimming,white shark,male
1966,12,NSW,-30.88333333,153.05,injured,provoked,Wading,wobbegong,male
1967,4,NSW,-34.41666667,150.8833333,injured,provoked,Swimming,bronze whaler shark,male
1967,8,WA,-30.25,115.0166667,fatal,provoked,Surfing/Boarding,white shark,male
1968,2,WA,-31.95,115.85,injured,unprovoked,Spearfishing,bull shark,female
1968,2,SA,-35.6,138.0833333,uninjured,provoked,Surfing/Boarding,bronze whaler shark,male
1968,9,SA,-35,136.1666667,uninjured,provoked,Diving/Snorkelling,white shark,male
1969,1,NSW,-35,150.8166667,injured,provoked,Swimming,bronze whaler shark,male
1969,6,NSW,-34.66666667,150.85,injured,provoked,Swimming,wobbegong,male
1969,11,WA,-31.95,115.85,injured,unprovoked,Surfing/Boarding,bull shark,male
1971,1,TAS,-41.15,148.35,injured,unprovoked,Surfing/Boarding,school shark,male
1971,2,WA,-33.85,121.8833333,injured,provoked,Swimming,whaler shark,male
1971,12,QLD,-23.48333333,151.2,fatal,unprovoked,Surfing/Boarding,tiger shark,male
1972,2,VIC,-38.81666667,148.0833333,injured,unprovoked,Swimming,white shark,male
1972,4,QLD,-27.46666667,153.2333333,injured,unprovoked,Surfing/Boarding,Unknown,female
1972,8,TAS,-43.23333333,148,injured,provoked,Swimming,white shark,male
1972,10,NSW,-35.35,150.4666667,injured,unprovoked,Surfing/Boarding,white shark,male
1972,10,QLD,-17.1,146.4,injured,provoked,Swimming,whaler shark,male
1972,11,SA,-35,136.1666667,uninjured,provoked,Swimming,white shark,male
1973,1,NSW,-33.51666667,151.3166667,injured,unprovoked,Kayaking/Paddling,white shark,male
1973,3,QLD,-18.51666667,146.35,injured,unprovoked,Swimming,tiger shark,male
1973,8,QLD,-27.41666667,153.5333333,injured,unprovoked,Swimming,white shark,male
1973,11,QLD,-17.68333333,139.3666667,injured,unprovoked,Surfing/Boarding,bull shark,male
1974,1,SA,-32.76666667,134.2,fatal,provoked,Surfing/Boarding,white shark,male
1974,9,QLD,-27.73333333,153.6833333,fatal,unprovoked,Swimming,tiger shark,male
1974,12,WA,-33.63333333,115.35,injured,unprovoked,Wading,wobbegong,male
1975,1,SA,-34.68333333,135.35,fatal,unprovoked,Fishing,white shark,male
1975,2,VIC,-38.93333333,146.2333333,injured,unprovoked,Swimming,white shark,male
1975,2,SA,-32.08333333,132.9666667,fatal,provoked,Fishing,white shark,male
1975,2,VIC,-38.4,144.1833333,injured,provoked,Surfing/Boarding,wobbegong,male
1975,3,QLD,-16.55,139.4,injured,unprovoked,Surfing/Boarding,tiger shark,female
1975,7,QLD,-26.65,153.0833333,injured,unprovoked,Surfing/Boarding,white shark,male
1975,7,TAS,-43.35,147.35,fatal,provoked,Surfing/Boarding,white shark,male
1975,11,NSW,-33.78333333,151.2833333,injured,provoked,Diving/Snorkelling,wobbegong,male
1976,9,SA,-32.98333333,137.7833333,injured,provoked,Diving/Snorkelling,white shark,male
1977,2,NSW,-28.23333333,153.5666667,injured,unprovoked,Surfing/Boarding,tiger shark,male
1977,3,QLD,-27.25,153.25,fatal,unprovoked,Surfing/Boarding,tiger shark,male
1977,3,QLD,-27.25,153.25,fatal,unprovoked,Kayaking/Paddling,tiger shark,male
1977,4,QLD,-28.08333333,153.45,injured,unprovoked,Diving/Snorkelling,bull shark,male
1977,8,QLD,-26.68333333,153.1333333,fatal,unprovoked,Spearfishing,tiger shark,male
1977,8,SA,-32.08333333,132.9666667,injured,unprovoked,Kayaking/Paddling,white shark,male
1978,8,WA,-31.76666667,115.7166667,uninjured,unprovoked,Surfing/Boarding,white shark,male
1978,9,TAS,-43.16666667,147.9833333,uninjured,provoked,Diving/Snorkelling,white shark,male
1978,12,QLD,-26.8,153.1166667,injured,unprovoked,Fishing,bull shark,male
1979,1,QLD,-26.66666667,153.1166667,uninjured,provoked,Spearfishing,bronze whaler shark,male
1979,9,NSW,-28.63333333,153.6166667,injured,unprovoked,Surfing/Boarding,whaler shark,male
1980,1,NSW,-32.43333333,152.5166667,injured,provoked,Diving/Snorkelling,wobbegong,male
1980,3,VIC,-38.41666667,145.05,injured,provoked,Kayaking/Paddling,bronze whaler shark,male
1980,3,QLD,-27.41666667,153.5333333,injured,unprovoked,Diving/Snorkelling,whaler shark,male
1980,9,SA,-32.08333333,132.9666667,uninjured,unprovoked,Diving/Snorkelling,white shark,male
1980,10,QLD,-16.91666667,145.7666667,injured,provoked,Wading,grey reef shark,female
1980,11,WA,-31,115.3,injured,unprovoked,Spearfishing,white shark,male
1981,1,NSW,-28.63333333,153.6166667,uninjured,unprovoked,Other,tiger shark,male
1981,2,WA,-32,115.5166667,injured,unprovoked,Surfing/Boarding,wobbegong,male
1981,2,WA,-32.01666667,115.7333333,injured,unprovoked,Surfing/Boarding,wobbegong,male
1981,12,QLD,-16.75,145.9666667,injured,unprovoked,Surfing/Boarding,tiger shark,female
1982,2,TAS,-43.51666667,146.9,uninjured,provoked,Swimming,white shark,male
1982,2,TAS,-43.56666667,146.8833333,fatal,provoked,Fishing,white shark,male
1982,3,NSW,-28.63333333,153.6166667,fatal,unprovoked,Kayaking/Paddling,white shark,male
1983,7,QLD,-18.9,147.7333333,uninjured,unprovoked,Swimming,tiger shark,male
1983,7,QLD,-18.68333333,147.1,fatal,unprovoked,Other,tiger shark,female
1983,7,QLD,-18.68333333,147.1,fatal,unprovoked,Surfing/Boarding,tiger shark,male
1983,11,QLD,-28.16666667,153.5333333,injured,unprovoked,Surfing/Boarding,tiger shark,male
1983,12,SA,-35.31666667,136.1,injured,provoked,Surfing/Boarding,white shark,male
1984,2,QLD,-21.13333333,149.1833333,injured,unprovoked,Swimming,tiger shark,male
1984,3,WA,-23.13333333,113.7666667,injured,unprovoked,Surfing/Boarding,whaler shark,male
1984,3,WA,-31.83333333,115.75,injured,unprovoked,Diving/Snorkelling,wobbegong,male
1984,6,TAS,-43.23333333,147.7833333,uninjured,provoked,Other,white shark,male
1984,9,NT,-14.11666667,129.5333333,injured,unprovoked,Swimming,tiger shark,female
1984,10,NSW,-28.68333333,153.6166667,uninjured,unprovoked,Surfing/Boarding,white shark,male
1984,10,TAS,-43.13333333,148,uninjured,provoked,Surfing/Boarding,white shark,male
1984,11,QLD,-21.05,149.1833333,fatal,unprovoked,Swimming,tiger shark,male
1985,2,VIC,-38.33333333,144.3,uninjured,unprovoked,Swimming,white shark,male
1985,3,WA,-31.85,115.75,injured,provoked,Swimming,wobbegong,female
1985,3,SA,-34.46666667,136.0166667,fatal,unprovoked,Swimming,white shark,female
1985,9,QLD,-13.91666667,146.6166667,injured,provoked,Kayaking/Paddling,whitetip reef shark,male
1985,12,NSW,-29.91666667,153.3833333,injured,provoked,Surfing/Boarding,wobbegong,male
1986,1,QLD,-10.66666667,142.1833333,fatal,provoked,Surfing/Boarding,tiger shark,male
1986,3,NT,-12.36666667,130.8333333,injured,provoked,Swimming,wobbegong,male
1986,5,NSW,-33.81666667,151.3,injured,unprovoked,Surfing/Boarding,wobbegong,male
1986,8,NSW,-33.81666667,151.3,injured,unprovoked,Fishing,wobbegong,female
1986,10,WA,-12.15,96.81666667,uninjured,unprovoked,Diving/Snorkelling,tiger shark,male
1987,1,QLD,-14.66666667,145.45,injured,unprovoked,Surfing/Boarding,tiger shark,male
1987,1,QLD,-13.91666667,146.6166667,injured,provoked,Swimming,whitetip reef shark,female
1987,2,NSW,-32.16666667,152.5166667,injured,provoked,Surfing/Boarding,wobbegong,female
1987,2,VIC,-38.46666667,144.8833333,fatal,unprovoked,Fishing,white shark,male
1987,3,WA,-33.88333333,121.8166667,injured,unprovoked,Other,white shark,male
1987,4,WA,-32.16666667,115.65,injured,unprovoked,Kayaking/Paddling,wobbegong,male
1987,9,SA,-34.91666667,138.5833333,fatal,unprovoked,Diving/Snorkelling,white shark,male
1987,10,NT,-14.16666667,132.1833333,injured,unprovoked,Kayaking/Paddling,bull shark,female
1987,12,QLD,-14.66666667,145.45,uninjured,provoked,Surfing/Boarding,hammerhead shark ,male
1988,7,NSW,-33.26666667,151.5666667,injured,unprovoked,Surfing/Boarding,white shark,female
1988,10,SA,-34.91666667,138.5833333,injured,unprovoked,Diving/Snorkelling,white shark,male
1988,10,QLD,-23.9,152.3833333,uninjured,provoked,Fishing,tiger shark,male
1988,10,VIC,-38.5,145.2666667,injured,unprovoked,Kayaking/Paddling,white shark,male
1988,11,QLD,-23.11666667,150.7333333,fatal,unprovoked,Spearfishing,tiger shark,male
1988,11,QLD,-23.11666667,150.7333333,fatal,unprovoked,Swimming,tiger shark,male
1989,1,NSW,-33.86666667,151.2,injured,provoked,Other,wobbegong,male
1989,1,VIC,-38.5,145.2666667,uninjured,unprovoked,Fishing,white shark,male
1989,1,WA,-32,115.5166667,injured,unprovoked,Swimming,wobbegong,male
1989,1,NSW,-28.88333333,153.55,injured,unprovoked,Surfing/Boarding,white shark,male
1989,3,WA,-17.96666667,122.2333333,uninjured,provoked,Fishing,tiger shark,male
1989,3,QLD,-10.11666667,142.1333333,injured,provoked,Swimming,whaler shark,male
1989,3,SA,-35.63333333,138.4833333,fatal,unprovoked,Surfing/Boarding,white shark,male
1989,8,NSW,-28.78333333,153.5833333,uninjured,unprovoked,Surfing/Boarding,white shark,male
1989,10,TAS,-41.43333333,148.2666667,uninjured,unprovoked,Swimming,white shark,male
1989,10,NT,-14.16666667,132.1833333,injured,unprovoked,Surfing/Boarding,bull shark,female
1989,11,VIC,-38.53333333,145.4666667,injured,unprovoked,Spearfishing,white shark,male
1989,11,QLD,-28.03333333,153.4,injured,unprovoked,Surfing/Boarding,bull shark,male
1989,12,WA,-16.38333333,122.9166667,injured,unprovoked,Surfing/Boarding,wobbegong,male
1989,12,NT,-12.28333333,136.8166667,injured,provoked,Fishing,tiger shark,male
1990,4,QLD,-28.15,153.5333333,uninjured,unprovoked,Surfing/Boarding,tiger shark,male
1990,4,NSW,-28.18333333,153.55,uninjured,unprovoked,Swimming,white shark,male
1990,4,QLD,-19.16666667,148.3833333,fatal,provoked,Swimming,tiger shark,male
1990,5,QLD,-16.21666667,145.8833333,injured,provoked,Surfing/Boarding,hammerhead shark ,female
1990,5,QLD,-16.21666667,145.8833333,injured,provoked,Kayaking/Paddling,hammerhead shark ,male
1990,9,QLD,-25.9,153.0833333,injured,unprovoked,Surfing/Boarding,wobbegong,male
1990,10,QLD,-28.03333333,153.4,injured,unprovoked,Swimming,bull shark,male
1990,10,SA,-35.51666667,138.7666667,injured,unprovoked,Surfing/Boarding,white shark,male
1990,11,QLD,-28,153.4166667,injured,unprovoked,Surfing/Boarding,bull shark,male
1991,1,QLD,-23.83333333,151.25,injured,unprovoked,Diving/Snorkelling,Unknown,male
1991,1,VIC,-38.26666667,144.65,uninjured,provoked,Surfing/Boarding,bronze whaler shark,male
1991,1,NSW,-33.51666667,151.3666667,uninjured,unprovoked,Fishing,dusky shark,male
1991,1,QLD,-28.03333333,153.4,injured,unprovoked,Surfing/Boarding,bull shark,male
1991,3,NSW,-34.56666667,150.8666667,injured,provoked,Kayaking/Paddling,grey nurse shark,male
1991,9,SA,-35.28333333,138.4333333,fatal,unprovoked,Swimming,white shark,male
1991,11,WA,-32.51666667,115.7,injured,unprovoked,Other,white shark,male
1992,1,QLD,-28.16666667,153.5333333,injured,unprovoked,Swimming,white shark,male
1992,2,QLD,-24.86666667,152.35,uninjured,unprovoked,Surfing/Boarding,tiger shark,male
1992,3,QLD,-27.98333333,153.3333333,uninjured,provoked,Kayaking/Paddling,bull shark,male
1992,3,VIC,-38.28333333,144.6,injured,unprovoked,Surfing/Boarding,white shark,male
1992,8,SA,-34.25,135.1666667,injured,unprovoked,Surfing/Boarding,white shark,male
1992,10,QLD,-27.08333333,153.4,fatal,unprovoked,Surfing/Boarding,white shark,male
1993,1,QLD,-20.05,148.8833333,injured,provoked,Swimming,whitetip reef shark,male
1993,4,TAS,-40.93333333,146.9833333,uninjured,provoked,Surfing/Boarding,white shark,male
1993,4,SA,-34.21666667,138.0166667,injured,provoked,Surfing/Boarding,white shark,male
1993,6,TAS,-40.93333333,146.9833333,fatal,unprovoked,Surfing/Boarding,white shark,female
1993,6,NSW,-28.63333333,153.6166667,fatal,unprovoked,Spearfishing,white shark,male
1993,11,WA,-17.96666667,122.2333333,fatal,provoked,Surfing/Boarding,tiger shark,male
1993,12,QLD,-23.36666667,150.5,uninjured,unprovoked,Surfing/Boarding,whaler shark,male
1994,1,QLD,-27.53333333,153.8333333,injured,unprovoked,Surfing/Boarding,bull shark,male
1994,1,QLD,-27.98333333,153.4166667,injured,unprovoked,Swimming,bull shark,male
1994,2,SA,-37.31666667,139.8333333,injured,provoked,Surfing/Boarding,wobbegong,male
1994,4,QLD,-27.93333333,153.4166667,injured,unprovoked,Surfing/Boarding,whaler shark,female
1994,11,VIC,-38.46666667,144.8833333,injured,provoked,Wading,wobbegong,male
1995,2,VIC,-38.51666667,145.0833333,uninjured,provoked,Surfing/Boarding,sevengill shark,male
1995,2,SA,-35.53333333,138.6666667,injured,unprovoked,Swimming,wobbegong,male
1995,3,SA,-32.08333333,132.9666667,injured,unprovoked,Surfing/Boarding,white shark,male
1995,3,NSW,-33.85,151.2333333,uninjured,unprovoked,Diving/Snorkelling,bull shark,female
1995,4,NSW,-37.05,149.9,injured,unprovoked,Fishing,wobbegong,male
1995,5,WA,-24.83333333,113.1333333,uninjured,unprovoked,Surfing/Boarding,tiger shark,male
1995,9,WA,-33.88333333,120.6833333,fatal,unprovoked,Surfing/Boarding,white shark,male
1995,10,QLD,-25,152.8333333,injured,unprovoked,Diving/Snorkelling,tiger shark,female
1995,11,NSW,-29.53333333,153.3333333,injured,provoked,Other,bull shark,male
1995,11,QLD,-23.16666667,150.95,injured,unprovoked,Surfing/Boarding,tiger shark,male
1995,12,NSW,-33.55,151.2666667,injured,unprovoked,Swimming,bull shark,male
1996,1,QLD,-27.85,153.4,injured,unprovoked,Surfing/Boarding,bull shark,female
1996,1,WA,-35.05,117.6833333,injured,provoked,Surfing/Boarding,wobbegong,male
1996,2,NSW,-33.86666667,151.2,injured,unprovoked,Swimming,bull shark,male
1996,2,NSW,-31.51666667,159.05,injured,provoked,Swimming,galapagos shark,male
1996,3,QLD,-23.43333333,151.9,injured,unprovoked,Swimming,whaler shark,female
1996,4,NSW,-33.66666667,151.3,injured,unprovoked,Kayaking/Paddling,wobbegong,female
1996,4,NSW,-33.66666667,151.3,injured,unprovoked,Surfing/Boarding,wobbegong,male
1996,6,VIC,-38.41666667,145.0666667,uninjured,unprovoked,Surfing/Boarding,white shark,male
1996,9,WA,-32,115.5166667,injured,unprovoked,Wading,wobbegong,male
1996,12,VIC,-38.41666667,144.1833333,injured,unprovoked,Swimming,wobbegong,female
1996,12,QLD,-26.5,153,injured,unprovoked,Surfing/Boarding,wobbegong,female
1997,1,QLD,-20.25,148.9666667,injured,unprovoked,Surfing/Boarding,tiger shark,male
1997,1,QLD,-28.15,153.5333333,injured,unprovoked,Surfing/Boarding,bull shark,male
1997,1,VIC,-38.51666667,145.0833333,uninjured,unprovoked,Kayaking/Paddling,white shark,male
1997,2,QLD,-20.26666667,148.9,injured,unprovoked,Swimming,grey reef shark,male
1997,2,QLD,-27.98333333,153.3333333,injured,unprovoked,Swimming,bull shark,female
1997,2,NSW,-33.86666667,151.2,uninjured,unprovoked,Surfing/Boarding,bull shark,female
1997,7,QLD,-26.65,153.1,injured,unprovoked,Swimming,tiger shark,male
1997,10,WA,-31.98333333,115.75,injured,unprovoked,Swimming,white shark,male
1997,11,VIC,-38.28333333,144.45,uninjured,unprovoked,Swimming,white shark,male
1997,11,WA,-35.13333333,117.95,injured,unprovoked,Swimming,white shark,male
1997,12,WA,-33.98333333,114.9833333,injured,unprovoked,Spearfishing,wobbegong,male
1997,12,NSW,-29.1,153.4333333,injured,unprovoked,Surfing/Boarding,wobbegong,male
1997,12,QLD,-20.11666667,148.9166667,injured,unprovoked,Swimming,bull shark,male
1998,1,WA,-34.21666667,115.0166667,injured,provoked,Diving/Snorkelling,wobbegong,male
1998,1,QLD,-18.66666667,146.5,uninjured,unprovoked,Surfing/Boarding,tiger shark,male
1998,1,SA,-35.5,138.7,injured,unprovoked,Surfing/Boarding,wobbegong,male
1998,6,SA,-35.31666667,136.1,fatal,unprovoked,Swimming,white shark,male
1998,9,NSW,-35.03333333,150.7166667,injured,unprovoked,Surfing/Boarding,wobbegong,male
1998,10,QLD,-26.5,153,injured,provoked,Fishing,wobbegong,male
1998,12,SA,-35.5,138.7,injured,unprovoked,Kayaking/Paddling,wobbegong,female
1998,12,NSW,-33.95,151.15,injured,provoked,Fishing,whaler shark,male
1999,2,NSW,-30.56666667,152.9833333,injured,unprovoked,Kayaking/Paddling,white shark,male
1999,5,SA,-34.88333333,137.45,fatal,unprovoked,Surfing/Boarding,white shark,male
1999,10,QLD,-27.38333333,153.4333333,injured,provoked,Diving/Snorkelling,wobbegong,male
1999,12,NSW,-32.21666667,152.6,uninjured,unprovoked,Wading,bronze whaler shark,male
1999,12,WA,-31.88333333,115.75,uninjured,provoked,Surfing/Boarding,white shark,male
2000,2,NSW,-34.03333333,151.15,uninjured,unprovoked,Kayaking/Paddling,white shark,male
2000,2,SA,-32.08333333,132.9833333,injured,unprovoked,Other,white shark,male
2000,2,WA,-31.81666667,115.7333333,injured,unprovoked,Surfing/Boarding,wobbegong,male
2000,3,QLD,-27.96666667,153.4166667,injured,unprovoked,Surfing/Boarding,white shark,male
2000,3,WA,-31.95,115.0666667,injured,unprovoked,Diving/Snorkelling,white shark,male
2000,3,NSW,-33.48333333,151.4166667,uninjured,unprovoked,Surfing/Boarding,white shark,male
2000,3,NSW,-33.86666667,151.2,injured,unprovoked,Swimming,bull shark,male
2000,3,NSW,-33.86666667,151.2,uninjured,unprovoked,Spearfishing,bull shark,male
2000,4,NSW,-33.93333333,151.25,uninjured,unprovoked,Surfing/Boarding,whaler shark,male
2000,4,WA,-31.98333333,115.75,injured,provoked,Other,wobbegong,female
2000,9,SA,-33.61666667,134.8166667,fatal,unprovoked,Wading,white shark,male
2000,9,SA,-32.08333333,132.9666667,fatal,unprovoked,Swimming,white shark,male
2000,11,QLD,-18.66666667,146.5,uninjured,provoked,Wading,tiger shark,male
2000,11,WA,-31.98333333,115.75,injured,unprovoked,Surfing/Boarding,white shark,male
2000,11,NSW,-34.63333333,150.3833333,uninjured,unprovoked,Swimming,white shark,male
2000,11,SA,-33.18333333,134.65,uninjured,provoked,Other,white shark,male
2000,11,WA,-31.98333333,115.75,fatal,unprovoked,Other,white shark,male
2000,12,QLD,-23.43333333,151.9,injured,provoked,Surfing/Boarding,whaler shark,male
2000,12,QLD,-19.25,146.8166667,injured,unprovoked,Diving/Snorkelling,wobbegong,male
2001,1,QLD,-26.38333333,153.0833333,uninjured,unprovoked,Swimming,tiger shark,male
2001,1,NSW,-30.88333333,153.05,uninjured,unprovoked,Other,white shark,male
2001,2,NSW,-29.6,153.3333333,injured,unprovoked,Wading,tiger shark,male
2001,3,WA,-33.96666667,114.9833333,injured,unprovoked,Surfing/Boarding,wobbegong,male
2001,4,NSW,-30.63333333,153.0166667,injured,unprovoked,Diving/Snorkelling,wobbegong,male
2001,4,NSW,-33.9,151.2666667,injured,provoked,Surfing/Boarding,wobbegong,male
2001,5,NSW,-33.23333333,151.5333333,injured,unprovoked,Surfing/Boarding,white shark,male
2001,10,QLD,-27.28333333,153.4166667,uninjured,unprovoked,Surfing/Boarding,tiger shark,male
2001,10,QLD,-16.91666667,149.25,injured,provoked,Spearfishing,silvertip shark,female
2001,11,NSW,-28.81666667,153.5333333,injured,unprovoked,Diving/Snorkelling,white shark,male
2001,12,NSW,-29.43333333,153.35,injured,unprovoked,Swimming,wobbegong,male
2001,12,WA,-33.63333333,115,uninjured,unprovoked,Wading,white shark,male
2001,12,WA,-34.25,115.0166667,uninjured,provoked,Fishing,white shark,male
2002,1,WA,-33.3,115.6833333,injured,unprovoked,Surfing/Boarding,shortfin mako shark,male
2002,1,NSW,-32.73333333,152.1833333,injured,unprovoked,Wading,bull shark,male
2002,2,QLD,-26.36666667,153.0833333,injured,unprovoked,Swimming,whaler shark,male
2002,2,NSW,-33.86666667,151.2,uninjured,unprovoked,Surfing/Boarding,bull shark,male
2002,4,NSW,-30.28333333,153.1333333,uninjured,provoked,Diving/Snorkelling,bull shark,male
2002,4,SA,-32.38422037,133.9255802,fatal,provoked,Diving/Snorkelling,white shark,male
2002,4,NSW,-32.93333333,151.75,injured,unprovoked,Surfing/Boarding,wobbegong,male
2002,8,WA,-31.96666667,115.75,uninjured,unprovoked,Diving/Snorkelling,white shark,male
2002,12,QLD,-16.66666667,145.9333333,injured,provoked,Fishing,hammerhead shark ,female
2002,12,NSW,-33.78333333,151.2833333,injured,unprovoked,Diving/Snorkelling,wobbegong,male
2002,12,QLD,-28.05,153.4166667,fatal,unprovoked,Surfing/Boarding,bull shark,male
2003,1,NSW,-33.91666667,151.25,injured,unprovoked,Swimming,wobbegong,male
2003,1,SA,-33.86666667,135.1666667,uninjured,unprovoked,Surfing/Boarding,white shark,female
2003,2,SA,-35.51666667,138.7666667,injured,unprovoked,Surfing/Boarding,wobbegong,male
2003,2,QLD,-28.1,153.1,fatal,unprovoked,Fishing,bull shark,male
2003,3,NSW,-29.41666667,153.35,injured,unprovoked,Swimming,whaler shark,male
2003,3,WA,-32.53333333,115.7166667,injured,provoked,Fishing,wobbegong,male
2003,7,NT,-12.18333333,136.7666667,uninjured,unprovoked,Swimming,tiger shark,male
2003,10,NSW,-30.28333333,153.1333333,injured,unprovoked,Swimming,wobbegong,male
2003,10,NSW,-32.43333333,152.5166667,injured,unprovoked,Surfing/Boarding,wobbegong,male
2003,11,WA,-33.63333333,114.9833333,injured,provoked,Surfing/Boarding,wobbegong,male
2003,11,WA,-33.96666667,114.9833333,injured,provoked,Surfing/Boarding,wobbegong,male
2003,12,WA,-33.96666667,114.9833333,injured,provoked,Surfing/Boarding,wobbegong,male
2003,12,VIC,-38.26666667,144.5333333,uninjured,unprovoked,Surfing/Boarding,whaler shark,male
2004,1,WA,-33.98333333,114.9833333,injured,unprovoked,Swimming,wobbegong,male
2004,1,NSW,-34.56666667,150.8666667,uninjured,unprovoked,Swimming,whaler shark,male
2004,1,NSW,-30.56666667,152.9833333,injured,unprovoked,Fishing,wobbegong,male
2004,1,NSW,-30.63333333,153.0166667,injured,unprovoked,Surfing/Boarding,wobbegong,female
2004,1,WA,-33.13333333,115.6833333,injured,provoked,Swimming,white shark,male
2004,2,VIC,-38.36666667,144.75,uninjured,provoked,Surfing/Boarding,white shark,male
2004,2,NSW,-33.1,151.65,injured,provoked,Diving/Snorkelling,blind shark,male
2004,2,WA,-31.85,115.75,injured,unprovoked,Swimming,wobbegong,female
2004,2,WA,-31.85,115.75,injured,unprovoked,Swimming,wobbegong,male
2004,3,WA,-30.25,115.0166667,injured,provoked,Swimming,bronze whaler shark,male
2004,4,NSW,-32.2,152.55,injured,unprovoked,Surfing/Boarding,wobbegong,male
2004,4,WA,-33.96666667,114.9833333,injured,unprovoked,Swimming,wobbegong,male
2004,6,WA,-31.91666667,115.75,uninjured,provoked,Swimming,white shark,male
2004,6,WA,-33.33333333,115.6333333,injured,unprovoked,Diving/Snorkelling,white shark,male
2004,7,WA,-31.98333333,115.5333333,injured,unprovoked,Swimming,wobbegong,male
2004,7,WA,-33.85,114.9833333,fatal,unprovoked,Surfing/Boarding,white shark,male
2004,8,NSW,-28.63333333,153.6166667,injured,provoked,Wading,grey nurse shark,male
2004,8,VIC,-38.46666667,145.0166667,uninjured,unprovoked,Swimming,white shark,male
2004,9,QLD,-16.4,145.7666667,uninjured,provoked,Wading,tiger shark,male
2004,10,NSW,-32.85,151.8333333,injured,unprovoked,Surfing/Boarding,white shark,male
2004,11,NSW,-32.01666667,152.5333333,injured,unprovoked,Spearfishing,wobbegong,male
2004,12,QLD,-16.21666667,145.8833333,fatal,provoked,Spearfishing,tiger shark,male
2004,12,SA,-34.9,137,fatal,unprovoked,Surfing/Boarding,white shark,male
2005,1,VIC,-37.98333333,145.0166667,uninjured,provoked,Wading,white shark,male
2005,2,QLD,-27.55,152.8166667,injured,unprovoked,Swimming,bull shark,male
2005,3,NSW,-33.38333333,151.4833333,uninjured,unprovoked,Spearfishing,white shark,male
2005,3,WA,-28.71666667,113.7833333,fatal,unprovoked,Surfing/Boarding,white shark,male
2005,4,NT,-12.11666667,136.8,injured,provoked,Diving/Snorkelling,whaler shark,male
2005,4,NSW,-33.9,151.2666667,uninjured,unprovoked,Swimming,white shark,male
2005,5,QLD,-19.35,147.3666667,injured,provoked,Swimming,blacktip reef shark,male
2005,8,SA,-34.96666667,138.5,fatal,unprovoked,Swimming,white shark,male
2005,9,NSW,-30.88333333,153.0833333,uninjured,unprovoked,Swimming,tiger shark,male
2005,9,NSW,-30.3,153.1333333,injured,unprovoked,Surfing/Boarding,wobbegong,male
2005,9,WA,-31.88333333,115.75,uninjured,unprovoked,Other,white shark,male
2005,9,SA,-35.08333333,137.5333333,injured,unprovoked,Swimming,white shark,male
2005,9,SA,-34.83333333,135.6833333,injured,unprovoked,Surfing/Boarding,white shark,male
2005,11,VIC,-38.46666667,145.0166667,injured,unprovoked,Swimming,white shark,male
2005,11,QLD,-27.18333333,153.4,uninjured,unprovoked,Swimming,bronze whaler shark,male
2005,12,QLD,-16.48333333,145.45,injured,provoked,Swimming,whitetip reef shark,male
2006,1,QLD,-27.4,153.4333333,fatal,unprovoked,Surfing/Boarding,bull shark,female
2006,1,WA,-31.93333333,115.75,injured,provoked,Kayaking/Paddling,white shark,male
2006,2,QLD,-26.8,153.1333333,injured,unprovoked,Swimming,wobbegong,male
2006,3,NSW,-33.88333333,151.2666667,uninjured,unprovoked,Swimming,whaler shark,male
2006,4,NSW,-32.91666667,151.7833333,injured,unprovoked,Swimming,wobbegong,male
2006,5,QLD,-26.68333333,153.1333333,injured,provoked,Swimming,wobbegong,male
2006,8,NSW,-33.9,151.2666667,uninjured,provoked,Surfing/Boarding,white shark,male
2006,12,WA,-33.91666667,122.5833333,injured,unprovoked,Surfing/Boarding,white shark,male
2006,12,WA,-20.36666667,116.8666667,uninjured,provoked,Swimming,grey reef shark,male
2006,12,VIC,-38.36666667,144.2666667,injured,unprovoked,Other,white shark,male
2007,1,NSW,-32.38333333,152.5166667,uninjured,unprovoked,Spearfishing,white shark,male
2007,1,NSW,-37.5,149.9666667,injured,provoked,Swimming,white shark,male
2007,2,NSW,-28.83333333,153.6,injured,unprovoked,Fishing,white shark,male
2007,3,NSW,-28.53333333,153.55,injured,unprovoked,Surfing/Boarding,white shark,female
2007,3,QLD,-24.71666667,152.2666667,injured,unprovoked,Surfing/Boarding,bull shark,female
2007,4,QLD,-16.55,139.4,injured,unprovoked,Swimming,Unknown,female
2007,5,WA,-23.13333333,113.7666667,injured,provoked,Diving/Snorkelling,whitetip reef shark,female
2007,6,NSW,-31.18333333,152.9666667,injured,unprovoked,Swimming,bull shark,male
2007,7,NSW,-33.78333333,151.2833333,injured,unprovoked,Other,wobbegong,male
2007,7,WA,-21.95,114.1166667,uninjured,unprovoked,Surfing/Boarding,white shark,male
2007,7,WA,-12.15,96.81666667,injured,provoked,Swimming,wobbegong,male
2007,10,QLD,-16.91666667,145.7666667,injured,provoked,Fishing,whaler shark,male
2007,10,NSW,-28.63333333,153.6166667,injured,unprovoked,Other,white shark,female
2007,11,NSW,-28.63333333,153.6,uninjured,unprovoked,Swimming,white shark,male
2007,12,NSW,-33.9495,151.2437,injured,unprovoked,Other,wobbegong,male
2007,12,QLD,-27.93333333,153.4166667,injured,unprovoked,Spearfishing,whaler shark,male
2007,12,NSW,-32.68333333,152.1833333,injured,unprovoked,Kayaking/Paddling,white shark,male
2008,1,TAS,-41,147.1333333,uninjured,unprovoked,Wading,white shark,male
2008,1,NSW,-28.18333333,153.5666667,injured,unprovoked,Surfing/Boarding,wobbegong,male
2008,1,WA,-31.98333333,115.5333333,injured,unprovoked,Wading,wobbegong,male
2008,2,VIC,-38.83333333,146.1666667,injured,unprovoked,Swimming,wobbegong,female
2008,4,QLD,-28.15,153.5333333,injured,unprovoked,Surfing/Boarding,wobbegong,male
2008,4,NSW,-28.86666667,153.5666667,fatal,unprovoked,Diving/Snorkelling,bull shark,male
2008,4,WA,-33.63333333,115,injured,provoked,Swimming,wobbegong,female
2008,5,WA,-35.01666667,117.9166667,injured,unprovoked,Swimming,white shark,male
2008,7,VIC,-38.38333333,142.4833333,uninjured,unprovoked,Swimming,white shark,male
2008,8,NSW,-28.63333333,153.6166667,uninjured,unprovoked,Kayaking/Paddling,white shark,male
2008,9,NSW,-28.63333333,153.6166667,uninjured,unprovoked,Surfing/Boarding,white shark,male
2008,12,NSW,-32.43333333,152.5166667,uninjured,unprovoked,Swimming,whaler shark,male
2008,12,WA,-32.35,115.7166667,fatal,provoked,Surfing/Boarding,white shark,male
2008,12,NSW,-33.73333333,151.3166667,uninjured,provoked,Other,white shark,male
2009,1,NSW,-34.53333333,150.8666667,injured,provoked,Surfing/Boarding,dusky shark,male
2009,1,QLD,-13.91666667,146.6166667,injured,provoked,Swimming,grey reef shark,male
2009,1,NSW,-28.18333333,153.55,injured,unprovoked,Diving/Snorkelling,white shark,male
2009,1,TAS,-41.23333333,148.3,injured,unprovoked,Spearfishing,white shark,female
2009,1,NSW,-35.76,150.2053,injured,unprovoked,Wading,unknown,male
2009,2,NSW,-31.45,152.9166667,uninjured,unprovoked,Diving/Snorkelling,white shark,male
2009,2,NSW,-33.85,151.2166667,injured,unprovoked,Surfing/Boarding,bull shark,male
2009,2,NSW,-29.76666667,153.2833333,uninjured,unprovoked,Swimming,white shark,male
2009,2,NSW,-33.88333333,151.2666667,injured,unprovoked,Other,white shark,male
2009,2,NSW,-32.38333333,152.5166667,uninjured,unprovoked,Swimming,white shark,male
2009,3,NSW,-33.63333333,151.3166667,injured,unprovoked,Swimming,white shark,male
2009,3,NSW,-35.85,150.1666667,uninjured,unprovoked,Surfing/Boarding,whaler shark,female
2009,3,NSW,-33.93333333,151.25,injured,unprovoked,Swimming,wobbegong,male
2009,3,WA,-32.5,115.7,injured,unprovoked,Swimming,white shark,male
2009,3,WA,-31.98333333,115.5333333,injured,provoked,Kayaking/Paddling,wobbegong,male
2009,4,NSW,-32.73333333,152.1833333,uninjured,unprovoked,Wading,bull shark,male
2009,6,NSW,-34.66666667,150.85,injured,unprovoked,Swimming,wobbegong,male
2009,7,NSW,-28.63333333,153.6166667,injured,unprovoked,Other,whaler shark,male
2009,8,WA,-32,115.45,uninjured,provoked,Surfing/Boarding,white shark,male
2009,9,WA,-12.15,96.81666667,injured,unprovoked,Spearfishing,whaler shark,male
2009,10,VIC,-38.33333333,141.6,uninjured,unprovoked,Diving/Snorkelling,white shark,male
2009,10,NSW,-28.78333333,153.5833333,uninjured,unprovoked,Surfing/Boarding,white shark,female
2009,11,SA,-35.5,138.2333333,injured,provoked,Swimming,white shark,male
2009,12,QLD,-23.43333333,151.9,injured,provoked,Swimming,whaler shark,male
2009,12,NSW,-33.45,151.4333333,injured,provoked,Other,wobbegong,male
2009,12,NSW,-26.067,113.567,injured,unprovoked,Surfing/Boarding,white shark,male
2009,12,NSW,-29.1,153.4333333,injured,unprovoked,Surfing/Boarding,white shark,male
2009,12,NSW,-32.16666667,152.5,uninjured,unprovoked,Kayaking/Paddling,white shark,male
2010,1,QLD,-24.8,152.45,uninjured,unprovoked,Surfing/Boarding,white shark,male
2010,1,VIC,-38.28333333,144.4333333,injured,unprovoked,Spearfishing,white shark,male
2010,1,QLD,-10.56666667,142.2166667,injured,unprovoked,Surfing/Boarding,whitetip reef shark,female
2010,2,NSW,-29.41666667,153.3666667,uninjured,unprovoked,Surfing/Boarding,white shark,male
2010,2,QLD,-20.35,148.9333333,injured,unprovoked,Wading,bull shark,female
2010,2,NSW,-33.66666667,151.3,injured,unprovoked,Other,wobbegong,male
2010,5,NSW,-31.3,152.9666667,injured,unprovoked,Surfing/Boarding,bull shark,male
2010,6,WA,-35.03333333,116.8333333,injured,unprovoked,Surfing/Boarding,white shark,male
2010,8,NSW,-31.18333333,152.9666667,injured,unprovoked,Surfing/Boarding,white shark,male
2010,8,WA,-33.85,114.9666667,fatal,unprovoked,Surfing/Boarding,white shark,male
2010,9,NSW,-29.4,153.3333333,injured,unprovoked,Swimming,white shark,male
2010,10,WA,-30.83333333,115.2666667,injured,unprovoked,Swimming,white shark,male
2010,10,NSW,-30.06666667,153.2,injured,unprovoked,Surfing/Boarding,wobbegong,male
2010,10,WA,-32.18333333,115.6833333,injured,unprovoked,Wading,white shark,female
2011,2,SA,-34.71666667,135.15,fatal,provoked,Surfing/Boarding,white shark,male
2011,2,WA,-21.95,114.1166667,injured,unprovoked,Kayaking/Paddling,whaler shark,male
2011,3,NSW,-32.73333333,152.1833333,injured,unprovoked,Kayaking/Paddling,white shark,female
2011,3,NSW,-31.83333333,152.7333333,injured,unprovoked,Surfing/Boarding,white shark,male
2011,4,WA,-24.48333333,113.4,injured,provoked,Surfing/Boarding,whaler shark,male
2011,5,NSW,-32.45,152.5333333,injured,provoked,Surfing/Boarding,wobbegong,female
2011,8,QLD,-18.71666667,146.5666667,fatal,unprovoked,Diving/Snorkelling,tiger shark,male
2011,9,WA,-33.53333333,115.0333333,fatal,unprovoked,Surfing/Boarding,white shark,male
2011,10,WA,-32,115.45,fatal,unprovoked,Fishing,white shark,male
2011,10,VIC,-37.88333333,144.9833333,uninjured,provoked,Surfing/Boarding,port jackson shark,male
2011,10,WA,-31.98333333,115.75,fatal,unprovoked,Spearfishing,white shark,male
2011,11,QLD,-26.46666667,153.0833333,injured,provoked,Surfing/Boarding,wobbegong,male
2011,12,NSW,-28.7,153.6,injured,unprovoked,Surfing/Boarding,white shark,male
2011,12,NSW,-33.93333333,151.25,injured,provoked,Swimming,wobbegong,male
2011,12,NSW,-29.48333333,153.35,injured,unprovoked,Wading,white shark,male
2012,1,NSW,-33.45,151.4333333,injured,unprovoked,Surfing/Boarding,white shark,male
2012,1,NSW,-28.16666667,153.55,uninjured,provoked,Swimming,tiger shark,male
2012,1,NSW,-33,151.7166667,injured,unprovoked,Surfing/Boarding,white shark,male
2012,1,WA,-23.13333333,113.7666667,injured,unprovoked,Diving/Snorkelling,tiger shark,male
2012,2,NSW,-31.98333333,152.5666667,uninjured,unprovoked,Wading,white shark,male
2012,2,NSW,-32.6,152.3166667,injured,provoked,Surfing/Boarding,wobbegong,male
2012,2,QLD,-26.75,153.1333333,uninjured,unprovoked,Wading,whaler shark,male
2012,3,QLD,-28.05,153.4333333,injured,provoked,Swimming,bull shark,male
2012,3,NSW,-33.55,151.3166667,uninjured,unprovoked,Kayaking/Paddling,Unknown,male
2012,3,WA,-33.46666667,115.5166667,fatal,unprovoked,Surfing/Boarding,white shark,male
2012,4,SA,-35.18333333,136.85,injured,unprovoked,Wading,white shark,male
2012,5,NSW,-32.21666667,152.6,injured,provoked,Surfing/Boarding,wobbegong,male
2012,5,NSW,-33,151.7,uninjured,unprovoked,Diving/Snorkelling,white shark,male
2012,6,VIC,-38.61666667,142.9833333,injured,unprovoked,Swimming,white shark,male
2012,6,TAS,-43.51666667,146.2333333,injured,unprovoked,Spearfishing,white shark,male
2012,6,WA,-31.78333333,115.7166667,uninjured,unprovoked,Surfing/Boarding,white shark,male
2012,7,SA,-32.76666667,134.2,injured,unprovoked,Surfing/Boarding,white shark,male
2012,7,WA,-30.83333333,115.2666667,fatal,unprovoked,Diving/Snorkelling,white shark,male
2012,8,WA,-24.38333333,113.3833333,injured,unprovoked,Spearfishing,tiger shark,male
2012,10,WA,-31.76666667,115.7166667,uninjured,unprovoked,Surfing/Boarding,white shark,male
2012,12,NSW,-31.73333333,152.7833333,injured,unprovoked,Fishing,bull shark,male
2012,12,NSW,-30.86666667,153.0333333,injured,provoked,Surfing/Boarding,grey nurse shark,male
2012,12,NSW,-33.75,151.3,uninjured,unprovoked,Spearfishing,white shark,male
2013,1,WA,-20.35,116.8166667,injured,provoked,Wading,whaler shark,male
2013,1,QLD,-26.36666667,153.0833333,injured,unprovoked,Swimming,tiger shark,male
2013,3,WA,-28.8,114.6,injured,provoked,Surfing/Boarding,bronze whaler shark,male
2013,4,NSW,-29.46666667,153.35,injured,provoked,Diving/Snorkelling,wobbegong,female
2013,5,WA,-32.4,115.7333333,uninjured,unprovoked,Swimming,white shark,male
2013,5,NSW,-28.63333333,153.6,injured,provoked,Surfing/Boarding,wobbegong,male
2013,6,NSW,-35.06666667,150.7833333,uninjured,unprovoked,Surfing/Boarding,white shark,male
2013,7,VIC,-38.46666667,145.0166667,injured,unprovoked,Wading,white shark,male
2013,10,NSW,-33.71666667,151.3,injured,provoked,Spearfishing,wobbegong,male
2013,10,WA,-21.95,114.1166667,injured,unprovoked,Swimming,grey reef shark,female
2013,10,WA,-33.95,123.9166667,injured,provoked,Surfing/Boarding,white shark,male
2013,11,NSW,-30.26666667,153.1333333,fatal,unprovoked,Kayaking/Paddling,tiger shark,male
2013,11,WA,-33.85,114.9666667,fatal,unprovoked,Diving/Snorkelling,white shark,male
2013,12,QLD,-28.1,153.4666667,injured,unprovoked,Fishing,wobbegong,female
2013,12,NSW,-31.45,152.9166667,injured,unprovoked,Spearfishing,wobbegong,male
2014,2,SA,-35.13333333,137.7,fatal,provoked,Kayaking/Paddling,white shark,male
2014,2,WA,-32,115.55,uninjured,provoked,Other,white shark,male
2014,3,VIC,-38.36666667,144.2666667,uninjured,unprovoked,Swimming,white shark,male
2014,3,NSW,-31.46666667,152.9166667,injured,provoked,Diving/Snorkelling,wobbegong,male
2014,4,NSW,-36.71666667,149.9833333,fatal,unprovoked,Surfing/Boarding,white shark,female
2014,4,WA,-23.13333333,113.75,injured,provoked,Kayaking/Paddling,whaler shark,male
2014,5,SA,-33.63333333,134.8666667,uninjured,unprovoked,Swimming,white shark,male
2014,5,QLD,-27.98333333,153.4166667,injured,unprovoked,Wading,bull shark,female
2014,6,SA,-35.63087083,138.4666667,injured,unprovoked,Surfing/Boarding,white shark,male
2014,6,NSW,-34.83333333,150.75,injured,provoked,Surfing/Boarding,wobbegong,male
2014,6,SA,-35.5,138.7166667,injured,unprovoked,Swimming,white shark,male
2014,6,SA,-35.5,138.7166667,Injured,unprovoked,Swimming,white shark,male
2014,8,WA,-23.78333333,113.5,injured,provoked,Wading,whaler shark,male
2014,9,NSW,-28.63333333,153.6,fatal,unprovoked,Swimming,white shark,male
2014,9,NSW,-31.41666667,152.9166667,injured,unprovoked,Surfing/Boarding,wobbegong,female
2014,10,NSW,-33.45,151.4333333,injured,provoked,Other,wobbegong,female
2014,10,NSW,-31.98333333,152.5666667,injured,provoked,Spearfishing,wobbegong,male
2014,10,WA,-33.83333333,121.9166667,injured,unprovoked,Surfing/Boarding,white shark,male
2014,11,NSW,-30.2,159.15,injured,provoked,Surfing/Boarding,wobbegong,male
2014,11,NSW,-35.73333333,150.2,injured,provoked,Surfing/Boarding,wobbegong,male
2014,11,NSW,-33.75,151.3,injured,unprovoked,Swimming,wobbegong,female
2014,11,WA,-32.6,115.6166667,injured,unprovoked,Surfing/Boarding,bronze whaler shark,male
2014,12,NSW,-35.1338,150.686,injured,unprovoked,Kayaking/Paddling,unknown,male
2014,12,WA,-34.88003124,118.404958,fatal,provoked,Swimming,white shark,male
2014,12,QLD,-16.2,145.75,fatal,provoked,Fishing,tiger shark,male
2015,1,NSW,-28.63333333,153.6166667,uninjured,unprovoked,Spearfishing,white shark,female
2015,1,NSW,-32.68333333,152.0333333,injured,provoked,Fishing,wobbegong,male
2015,1,QLD,-27.63333333,153.45,uninjured,unprovoked,Fishing,bull shark,male
2015,1,NSW,-28.83333333,153.6,uninjured,unprovoked,Swimming,white shark,male
2015,1,NSW,-35.33333333,150.4666667,injured,provoked,Surfing/Boarding,bronze whaler shark,male
2015,2,NSW,-28.88333333,153.5666667,injured,unprovoked,Kayaking/Paddling,white shark,male
2015,2,NSW,-28.85,153.5833333,fatal,unprovoked,Surfing/Boarding,white shark,male
2015,2,NSW,-32.95,151.75,injured,unprovoked,Kayaking/Paddling,wobbegong,male
2015,3,NSW,-31.51666667,159.05,injured,provoked,Swimming,galapagos shark,female
2015,4,NSW,-31.51666667,159.05,injured,provoked,Surfing/Boarding,galapagos shark,male
2015,4,NSW,-35.8,150.2166667,injured,provoked,Fishing,wobbegong,male
2015,4,SA,-34.86666667,135.7666667,injured,unprovoked,Kayaking/Paddling,white shark,male
2015,5,NSW,-32.01666667,152.5333333,injured,unprovoked,Surfing/Boarding,white shark,male
2015,6,WA,-35.01666667,117.3333333,injured,unprovoked,Diving/Snorkelling,white shark,female
2015,6,WA,-31.98333333,115.5333333,injured,provoked,Swimming,wobbegong,male
2015,6,NSW,-28.63333333,153.6,uninjured,unprovoked,Swimming,white shark,male
2015,6,NSW,-35.65,150.2833333,injured,provoked,Kayaking/Paddling,tiger shark,male
2015,7,QLD,-28.1,153.465,uninjured,unprovoked,Swimming,white shark,male
2015,7,TAS,-42.63333333,147.9833333,fatal,provoked,Surfing/Boarding,white shark,male
2015,7,TAS,-42.63333333,147.9833333,uninjured,provoked,Surfing/Boarding,white shark,male
2015,7,NSW,-29.1,153.4333333,injured,unprovoked,Surfing/Boarding,white shark,male
2015,7,NSW,-28.78333333,153.5833333,uninjured,unprovoked,Surfing/Boarding,white shark,male
2015,7,NSW,-29.43333333,153.3666667,injured,unprovoked,Swimming,white shark,male
2015,7,VIC,-38.25,141.7833333,injured,unprovoked,Spearfishing,white shark,male
2015,7,NSW,-28.86666667,153.5833333,injured,unprovoked,Surfing/Boarding,white shark,male
2015,8,NSW,-31.46666667,152.9166667,injured,unprovoked,Surfing/Boarding,white shark,male
2015,8,QLD,-18.83333333,147.6333333,uninjured,unprovoked,Diving/Snorkelling,tiger shark,female
2015,9,NSW,-33.05,152.5333333,injured,provoked,Surfing/Boarding,Unknown,male
2015,9,NSW,-32.06666667,152.5333333,injured,unprovoked,Surfing/Boarding,white shark,male
2015,9,QLD,-17.21666667,146.0833333,injured,unprovoked,Swimming,Unknown,female
2015,10,WA,-34.88003124,118.404958,injured,provoked,Surfing/Boarding,white shark,male
2015,10,WA,-32.6,115.6166667,injured,unprovoked,Diving/Snorkelling,grey nurse shark,male
2015,11,NSW,-28.86666667,153.5833333,injured,unprovoked,Swimming,bull shark,male
2016,1,QLD,-26.8,153.1333333,injured,provoked,Surfing/Boarding,wobbegong,male
2016,1,QLD,-23.43333333,151.9,injured,unprovoked,Surfing/Boarding,blacktip reef shark,male
2016,1,QLD,-23.15,150.9,injured,provoked,Spearfishing,tiger shark,male
2016,2,NSW,-34,151.65,uninjured,unprovoked,Surfing/Boarding,white shark,male
2016,2,NSW,-23.56666667,151.3166667,injured,provoked,Swimming,wobbegong,male
2016,2,TAS,-40.91666667,144.6166667,uninjured,unprovoked,Swimming,white shark,male
2016,3,NSW,-31.18333333,152.9666667,uninjured,unprovoked,Diving/Snorkelling,white shark,male
2016,3,SA,-37.03333333,139.7333333,injured,provoked,Fishing,bronze whaler shark,male
2016,3,NSW,-34.03333333,151.15,uninjured,unprovoked,Surfing/Boarding,white shark,male
2016,3,NSW,-34.65,150.85,injured,unprovoked,Spearfishing,white shark,male
2016,4,NSW,-28.63333333,153.6,injured,provoked,Surfing/Boarding,wobbegong,male
2016,5,WA,-32.58333333,115.6333333,fatal,unprovoked,Fishing,white shark,male
2016,5,NSW,-28.25276667,153.5921833,uninjured,provoked,Diving/Snorkelling,bronze whaler shark,male
2016,6,WA,-31.66666667,115.6666667,fatal,unprovoked,Spearfishing,white shark,female
2016,6,WA,-23.02411667,113.1294,injured,provoked,Swimming,grey reef shark,male
2016,6,NSW,-34.6215,150.8568,uninjured,unprovoked,Swimming,unknown,male
2016,6,NSW,-28.2646,153.5777,uninjured,provoked,Diving/Snorkelling,bronze whaler shark,male
2016,7,NSW,-32.717,152.1049,uninjured,provoked,Swimming,unknown,male
2016,7,NSW,-28.8377,153.6044,uninjured,unprovoked,Diving/Snorkelling,white shark,male
2016,7,NSW,-28.3037,153.5742,uninjured,unprovoked,Kayaking/Paddling,white shark,male
2016,9,VIC,-38.06115,144.04745,uninjured,unprovoked,Swimming,white shark ,male
2016,9,NSW,-28.86666667,153.5833333,injured,unprovoked,Diving/Snorkelling,white shark,male
2016,9,WA,-33.11656667,114.1649,uninjured,unprovoked,Surfing/Boarding,white shark,male
2016,10,QLD,-27.335,153.235,injured,unprovoked,Kayaking/Paddling,white shark,male
2016,10,NSW,-28.83333333,153.6,injured,unprovoked,Spearfishing,white shark,male
2016,10,NSW,-33.08945,151.0587667,injured,unprovoked,Spearfishing,white shark,male
2016,10,QLD,-20.23333333,148.95,injured,provoked,Swimming,lemon shark,male
2016,12,NSW,-32.30595,152.52275,injured,unprovoked,Wading,white shark,male
2016,12,QLD,-12.45183333,143.3444167,uninjured,provoked,Other,bull shark,male
2016,12,WA,-21.15741667,114.0218833,injured,unprovoked,Diving/Snorkelling,whaler shark,female
2016,12,WA,-31.14531667,115.1265,injured,unprovoked,Wading,Unknown,male
2017,1,QLD,-9.863916667,144.7908167,injured,unprovoked,Wading,whaler shark,male
2017,1,NSW,-36.88666667,149.9131833,injured,provoked,Wading,wobbegong,male
2017,1,QLD,-21.96676667,149.4843833,injured,unprovoked,Surfing/Boarding,Unknown,male
2017,1,QLD,-10.65406667,142.5072333,uninjured,provoked,Kayaking/Paddling,whaler shark,male
2017,2,WA,-32.567,115.65,uninjured,unprovoked,Swimming,Unknown,male
2017,2,QLD,-18.24948333,146.1839333,injured,unprovoked,Swimming,tiger shark,male
2017,2,WA,-23.2411667,113.1294,injured,unprovoked,Other,bull shark,female
2017,3,NSW,-34.60465,150.8677833,injured,unprovoked,Kayaking/Paddling,Unknown,male
2017,4,QLD,-27.05206667,153.05745,uninjured,unprovoked,Wading,Unknown,male
2017,4,NSW,-32.7667,152.1127,injured,provoked,Surfing/Boarding,grey nurse shark,male
2017,4,WA,-33.83250092,121.9968696,fatal,unprovoked,Surfing/Boarding,white shark,female
2017,6,NSW,-33.0775,151.0725,uninjured,unprovoked,Surfing/Boarding,white shark,male
2017,6,WA,-33.3146,115.635,uninjured,unprovoked,Fishing,white shark,Male
2017,8,VIC,-38.5367,143.9715,injured,unprovoked,Diving/Snorkelling,white shark,Male
2017,9,NSW,-29.59387,153.3322,injured,unprovoked,Surfing/Boarding,white shark,Male
2017,9,WA,-33.8585,114.9843,uninjured,unprovoked,Swimming,white shark,Male
2017,9,WA,-20.61367,117.1863,injured,unprovoked,Diving/Snorkelling,whaler shark,Male
2017,10,SA,-35.448,138.318,uninjured,unprovoked,Spearfishing,white shark,Male
2017,10,NSW,-32.798333,152.079167,injured,provoked,Kayaking/Paddling,wobbegong,Male
2017,11,NSW,-33.465,151.435,injured,unprovoked,Surfing/Boarding,white shark,Male
2017,12,NSW,-32.7876,152.08002,uninjured,unprovoked,Diving/Snorkelling,grey nurse shark,Male
2018,1,WA,-16.4683,123.5353,injured,provoked,Swimming,bull shark,Male
2018,1,NSW,-34.425072,150.893143,injured,unprovoked,Fishing,white shark,Male
2018,1,WA,-33.8416,115.0221,injured,unprovoked,Surfing/Boarding,wobbegong,Male
2018,1,QLD,-14.668,145.4638,injured,provoked,Wading,grey reef shark,Female
2018,2,WA,-32.5361,115.7424,uninjured,provoked,Surfing/Boarding,whaler shark,Male
2018,2,NSW,-34.67,150.84,injured,unprovoked,Fishing,whaler shark,Male
2018,2,WA,-31.7789,115.7326,injured,unprovoked,Surfing/Boarding,wobbegong,Male
2018,2,WA,-33.5638,115.0629,injured,provoked,Swimming,wobbegong,Male
2018,2,NSW,-33.993,151.1753,injured,unprovoked,Surfing/Boarding,white shark,Male
2018,3,WA,-34.2256,115.0609,uninjured,provoked,Swimming,tiger shark,Male
2018,3,VIC,-38.37,144.28,injured,unprovoked,Surfing/Boarding,bronze whaler shark,Male
2018,4,WA,-33.8416,115.0221,injured,unprovoked,Surfing/Boarding,white shark,Male
2018,4,WA,-33.8416,115.0221,injured,unprovoked,Fishing,white shark,Male
2018,4,WA,-33.9825,114.9922,uninjured,unprovoked,Spearfishing,white shark,Male
2018,5,WA,-33.8416,115.0221,uninjured,unprovoked,Surfing/Boarding,white shark,Male
2018,6,NSW,-30.296,153.11,injured,unprovoked,Surfing/Boarding,wobbegong,Male
2018,6,NSW,-28.84,153.601,uninjured,unprovoked,Surfing/Boarding,white shark,Male
2018,9,QLD,-20.25,148.9333,injured,unprovoked,Swimming,tiger shark,Male
2018,9,QLD,-20.25,148.9333,injured,unprovoked,Fishing,tiger shark,Female
2018,9,NT,-13.97,136.5933,injured,unprovoked,Wading,bull shark,Male
2018,10,NSW,-32.7667,152.0833,injured,provoked,Surfing/Boarding,wobbegong,Male
2018,11,QLD,-20.25,148.9333,fatal,unprovoked,Other,Unknown,Male
2018,11,NSW,-33.37,151.4859,injured,unprovoked,Spearfishing,wobbegong,Male
2018,11,NSW,-28.8632,153.5944,injured,unprovoked,Surfing/Boarding,white shark,Male
2018,11,QLD,-26.791,153.139,uninjured,unprovoked,Surfing/Boarding,tiger shark,Male
2018,11,NSW,-34.830278,150.7561,injured,unprovoked,Fishing,wobbegong,Male
2018,11,NT,-12.1825,136.7819,injured,provoked,Other,whaler shark,Male
2018,11,WA,-32.6036,115.6304,injured,unprovoked,Other,grey nurse shark,Male
2018,12,NSW,-30.643181,153.008839,injured,unprovoked,Surfing/Boarding,Unknown,Male
2018,12,NSW,-33.425018,151.342224,injured,provoked,Kayaking/Paddling,wobbeogong,Male
2019,1,WA,-31.989,115.7526,injured,unprovoked,Swimming,wobbegong,Male
2019,2,WA,-33.6702 ?,114.9951,uninjured,provoked,Swimming,white shark,Male
2019,2,NSW,-30.452,152.8979,uninjured,unprovoked,Surfing/Boarding,Unknown,Male
2019,2,NT,-13.8611,136.8116,injured,provoked,Surfing/Boarding,whitetip reef shark,Male
2019,2,NSW,-28.6337,153.6003,injured,unprovoked,Swimming,white shark,Female
2019,3,QLD,-18.156,147.48,injured,unprovoked,Swimming,grey reef shark,Male
2019,4,NSW,-32.7501,152.1459,injured,provoked,Diving/Snorkelling,grey nurse shark,Male
2019,5,QLD,-24.7293,152.101,injured,unprovoked,Fishing,Unknown,Male
2019,6,TAS,-43.6523,146.277,uninjured,provoked,Surfing/Boarding,white shark,Male
2019,6,NSW,-28.7999,153.58,injured,unprovoked,Spearfishing,whaler shark,Male
2019,7,QLD,-11.9667,143.2333,injured,provoked,Spearfishing,tiger shark,Male
2019,7,NSW,-33.8005,151.2979,injured,unprovoked,Spearfishing,grey nurse shark,Female
2019,7,QLD,-26.7994,153.0611,injured,unprovoked,Surfing/Boarding,bull shark,Male
2019,7,NSW,?-28.45602?,153.54457,injured,unprovoked,Surfing/Boarding,bull shark,Male
2019,9,NSW,-34.6817,150.8511,injured,unprovoked,Swimming,Unknown,Male
2019,9,WA,-31.7247,115.7249,uninjured,provoked,Surfing/Boarding,white shark,Male
2019,10,QLD,-21.957,148.1893,injured,Unprovoked,Surfing/Boarding,Unknown,Male
2019,10,QLD,-20.3441,148.1893,injured,Provoked,Surfing/Boarding,Unknown,Unknown
2019,10,NSW,-32.4436,152.5279,uninjured,Unprovoked,Diving/Snorkelling,white shark,Male
2019,10,QLD,-27.0609,153.2006,uninjured,Unprovoked,Spearfishing,Unknown,Male
2019,11,QLD,-24.8312,152.4592,injured,Unprovoked,Wading,Unknown,Male
2019,12,WA,-20.3441,114.143,injured,Unprovoked,Surfing/Boarding,Unknown,Male
2019,12,NSW,-34.6038,150.8676,injured,Unprovoked,Swimming,wobbegong,Male
2019,12,QLD,-23.3,151.71,injured,Unprovoked,Surfing/Boarding,lemon shark,Male
2020,1,WA,-33.9222,121.9032,fatal,Unprovoked,Spearfishing,white shark,Male
2020,1,NSW,-30.3119,153.1427,uninjured,Unprovoked,Surfing/Boarding,bull shark,Male
2020,1,WA,-31.9908,115.5215,uninjured,Unprovoked,Swimming,white shark,Female
2020,1,QLD,-23.2951,151.7079,injured,Unprovoked,Kayaking/Paddling,lemon shark,Male
2020,1,NSW,-34.5343,150.8746,injured,Unprovoked,Wading,Unknown,Unknown
2020,2,QLD,-14.6787,145.4483,injured,Unprovoked,Other,lemon shark,Male
2020,4,NSW,-31.19,152.98,injured,Unprovoked,Surfing/Boarding,wobbegong,Female
2020,4,QLD,-23.2951,151.7079,fatal,Unprovoked,Surfing/Boarding,Unknown,Female
2020,4,WA,-21.93,114.117778,uninjured,Unprovoked,Surfing/Boarding,bull shark,Male
2020,4,NSW,-34.6817,150.8511,uninjured,Unprovoked,Spearfishing,bull shark,Male
2020,5,VIC,-38.3669,144.2847,injured,Unprovoked,Surfing/Boarding,whaler shark,Male
2020,6,NSW,-28.2778,153.5774,fatal,Unprovoked,Wading,white shark,Male
2020,6,WA,-22.6799,113.698,injured,Unprovoked,Fishing,Unknown,Female
2020,6,NSW,-33.49762,151.420378,uninjured,Unprovoked,Swimming,white shark,Male
2020,6,NSW,-34.33834,150.91347,uninjured,Unprovoked,Surfing/Boarding,bronze whaler shark,Male
2020,6,NSW,-34.33834,150.91347,uninjured,Unprovoked,Swimming,bronze whaler shark,Male
2020,6,NSW,-34.33834,150.91347,uninjured,Unprovoked,Diving/Snorkelling,bronze whaler shark,Male
2020,7,WA,-33.5427,115.0392,injured,Unprovoked,Surfing/Boarding,white shark,Male
2020,7,QLD,-16.9337,145.9943,injured,Unprovoked,Diving/Snorkelling,whaler shark,Male
2020,7,QLD,-25.2398,153.1325,fatal,Unprovoked,Wading,whaler shark,Unknown
2020,7,TAS,-40.7667,145.3,injured,Unprovoked,Swimming,white shark,Male
2020,7,NSW,-33.44815?,151.44666,uninjured,Provoked,Swimming,dusky shark,Male
2020,7,NSW,-29.853,153.2715,fatal,Unprovoked,Wading,white shark,Male
2020,8,NSW,-31.4333,152.9,injured,Unprovoked,Swimming,white shark,Male
2020,9,QLD,-28.164,153.5476,fatal,Unprovoked,Surfing/Boarding,white shark,Male
2020,9,NSW,-28.33362,153.569698,uninjured,Unprovoked,Surfing/Boarding,white shark,Male
2020,9,NSW,-32.7876?,152.08002,uninjured,Unprovoked,Spearfishing,whaler shark,Male
2020,9,NSW,-32.7876?,153.08002,injured,Unprovoked,Kayaking/Paddling,wobbegong,Male
2020,10,NSW,-33.95,151.267,injured,Provoked,Surfing/Boarding,white shark,Male
2020,10,NSW,-38.26789,144.66193,uninjured,Unprovoked,Other,whaler shark,Unknown
2020,10,QLD,-18.25,146.666944,injured,Unprovoked,Surfing/Boarding,bull shark,Male
2020,10,WA,-34.8611,121.8919,fatal,Unprovoked,Surfing/Boarding,white shark,Male
2020,11,WA,-17.9319,122.2081,fatal,Unprovoked,Swimming,bull shark,Male
2020,11,QLD,-13.7333,143.8667,uninjured,Unprovoked,Spearfishing,hammerhead shark,Female
2020,11,NSW,-31.4295,152.9193,injured,Unprovoked,Swimming,wobbegong,Male
2020,12,WA,-17.9319,122.2081,injured,Unprovoked,Diving/Snorkelling,bull shark,Male
2020,12,SA,-35.9295,137.5966,injured,Unprovoked,Swimming,white shark,Male
2021,1,NSW,-33.0833,151.5833,injured,Unprovoked,Surfing/Boarding,bull shark,Male
2021,1,WA,-33.864,114.9864,injured,Unprovoked,Surfing/Boarding,wobbegong,Male
2021,1,WA,-32.0117,115.7866,injured,Unprovoked,Surfing/Boarding,bull shark,Male
2021,2,WA,-31.034,115.3356,injured,Unprovoked,Diving/Snorkelling,wobbegong,Male
2021,3,NSW,-34.0557,151.1551,uninjured,Unprovoked,Spearfishing,wobbegong,Male
2021,3,WA,-34.2763,115.052,uninjured,Provoked,Fishing,wobbegong,Male
2021,3,NSW,-36.8875,149.9059,injured,Unprovoked,Diving/Snorkelling,Unknown,Male
2021,3,WA,-23.325,113.791,injured,Provoked,Surfing/Boarding,bull shark,Male
2021,3,WA,-33.6397,115.0263,uninjured,Unprovoked,Spearfishing,blacktip reef shark,Male
2021,4,WA,-20.6564,116.7081,injured,Unprovoked,Swimming,blacktip reef shark,Male
2021,5,WA,-17.5804,122.1571,injured,Unprovoked,Wading,tiger shark ,Male
2021,5,NSW,-32.1521,152.5053,fatal,Provoked,Fishing,white shark,Male
2021,6,WA,-23.1423,113.7723,injured,Unprovoked,Swimming,tiger shark ,Male
2021,6,WA,-29.9453,114.9824,injured,Unprovoked,Surfing/Boarding,white shark,Male
2021,7,NSW,-31.1295,153.0011,injured,Unprovoked,Swimming,white shark,Male
2021,7,WA,-20.6517,115.5785,injured,Unprovoked,Wading,lemon shark,Male
2021,9,NSW,-30.1575,153.1502,fatal,Unprovoked,Swimming,white shark,Male
2021,9,NSW,-30.286,153.1364,injured,Unprovoked,Surfing/Boarding,wobbegong,Male
2021,10,QLD,-20.2665,148.8819,injured,Provoked,Other,Unknown,Male
2021,10,NSW,-30.2042,153.149,injured,Unprovoked,Swimming,wobbegong,Male
2021,11,WA,-32.0569,115.7439,fatal,Unprovoked,Kayaking/Paddling,white shark,Female
2021,12,VIC,-38.2676,144.5067,injured,Unprovoked,Fishing,Unknown,Male
2021,12,VIC,-38.2676,144.5067,injured,Unprovoked,Surfing/Boarding,Unknown,Male
2021,12,QLD,-16.9062,145.8662,injured,Unprovoked,Surfing/Boarding,bull shark,Male
2022,1,NSW,-35.1011,150.6892,injured,Unprovoked,Fishing,whaler shark,Female
2022,1,NSW,-33.7,151.2999,injured,Unprovoked,Fishing,wobbegong,Male
2022,1,WA,-35.0031,117.866,injured,Unprovoked,Swimming,wobbegong,Male
2022,2,NSW,-30.883,153.083,fatal,Unprovoked,Diving/Snorkelling,white shark,Male
2022,2,QLD,-27.2333,153.2667,injured,Unprovoked,Swimming,tiger shark,Male
2022,2,WA,-33.84848?,121.9184,injured,Unprovoked,Other,white shark,Female
2022,2,NSW,-33.8006,151.2982,injured,Unprovoked,Diving/Snorkelling,wobbegong,Male
2022,3,NSW,-32,152.7512,injured,Unprovoked,Fishing,wobbegong,Male
2022,3,NSW,-33.9516,151.2603,uninjured,Unprovoked,Swimming,unknown,Male
